2025.04.14 17:59	TF = PERIOD_MN1	XAUUSD
DateTime,	TickVolume,	Open,	High,	Low,	Close,	predicted_low,predicted_high,pressure,pressure_vector,
1998.05.01 00:00,13101,306.25000000,307.20000000,290.40000000,293.20000000,0.00000,0.00000,0.00000,0.00000,
1998.06.01 00:00,16943,292.75000000,300.50000000,283.70000000,297.20000000,-inf,-inf,inf,inf,
1998.07.01 00:00,11982,297.65000000,298.70000000,285.70000000,286.70000000,inf,inf,10.08512,-inf,
1998.08.01 00:00,12871,286.20000000,290.35000000,270.75000000,275.80000000,278.76479,293.64628,7.13214,-2.95298,
1998.09.01 00:00,16057,277.10000000,300.30000000,276.85000000,297.20000000,265.87646,288.31316,9.90077,2.76863,
1998.10.01 00:00,13467,296.20000000,305.20000000,290.60000000,292.80000000,282.78125,309.62516,8.19235,-1.70842,
1998.11.01 00:00,10590,292.60000000,298.65000000,287.60000000,293.60000000,284.24806,300.96112,5.74286,-2.44949,
1998.12.01 00:00,11213,292.29000000,297.60000000,285.00000000,288.50000000,285.96253,298.61180,7.25342,1.51057,
1999.01.01 00:00,9580,288.30000000,293.75000000,281.40000000,286.40000000,281.08278,295.50637,10.14751,2.89409,
1999.02.01 00:00,8555,286.40000000,290.95000000,284.20000000,287.30000000,279.33606,293.47348,7.60317,-2.54434,
1999.03.01 00:00,10798,286.50000000,294.65000000,278.10000000,280.30000000,282.63780,290.36473,6.92713,-0.67605,
1999.04.01 00:00,9021,279.90000000,288.10000000,277.00000000,286.80000000,270.41035,289.35563,15.99704,9.06991,
1999.05.01 00:00,11696,286.20000000,290.20000000,267.40000000,270.80000000,279.86652,292.57303,5.45076,-10.54628,
1999.06.01 00:00,11917,269.85000000,270.35000000,256.90000000,261.25000000,256.79054,282.89038,10.53694,5.08618,
1999.07.01 00:00,10412,262.25000000,263.90000000,252.05000000,256.20000000,254.56165,269.95827,5.22675,-5.31018,
1999.08.01 00:00,10497,255.65000000,262.50000000,251.70000000,256.00000000,248.86276,262.42781,7.74126,2.51451,
1999.09.01 00:00,23152,255.70000000,327.80000000,253.10000000,304.50000000,249.51636,261.87945,8.85823,1.11696,
1999.10.01 00:00,39353,297.25000000,342.00000000,285.75000000,300.20000000,254.47075,339.98207,21.43704,12.57881,
1999.11.01 00:00,17638,294.50000000,300.40000000,286.00000000,291.20000000,262.33479,326.72585,5.26814,-16.16890,
1999.12.01 00:00,16865,290.70000000,292.20000000,274.00000000,289.00000000,282.46194,298.94605,3.13564,-2.13249,
2000.01.01 00:00,15388,287.50000000,291.50000000,278.70000000,283.90000000,277.06688,297.90096,11.71181,8.57616,
2000.02.01 00:00,32845,283.30000000,327.00000000,281.50000000,292.70000000,275.97984,290.63238,8.45495,-3.25686,
2000.03.01 00:00,22422,291.70000000,294.88000000,274.00000000,279.40000000,265.62513,317.71034,25.66016,17.20521,
2000.04.01 00:00,17088,278.50000000,289.25000000,272.60000000,273.60000000,266.58789,290.48985,4.92791,-20.73224,
2000.05.01 00:00,16028,275.00000000,283.30000000,268.70000000,272.60000000,265.46402,284.52377,8.18391,3.25600,
2000.06.01 00:00,20621,271.70000000,294.62000000,271.00000000,289.30000000,263.34077,280.05382,9.62643,1.44252,
2000.07.01 00:00,13446,288.60000000,290.60000000,276.05000000,277.50000000,275.07231,302.11083,14.12397,4.49755,
2000.08.01 00:00,14328,276.95000000,279.60000000,270.00000000,278.20000000,268.63790,285.29372,5.69263,-8.43134,
2000.09.01 00:00,14156,277.50000000,279.95000000,268.25000000,274.50000000,271.99751,282.98691,9.84742,4.15479,
2000.10.01 00:00,15826,274.10000000,278.10000000,261.85000000,264.75000000,267.39415,280.78748,14.74583,4.89841,
2000.11.01 00:00,13247,264.45000000,271.65000000,262.85000000,270.70000000,255.15136,273.75322,13.52650,-1.21934,
2000.12.01 00:00,12186,270.20000000,276.65000000,267.80000000,272.50000000,265.17327,275.24689,8.15200,-5.37450,
2001.01.01 00:00,14371,272.45000000,274.00000000,261.70000000,266.55000000,267.37389,277.50475,13.84773,5.69573,
2001.02.01 00:00,13284,265.60000000,270.12000000,253.50000000,267.40000000,258.55543,272.63561,16.23842,2.39069,
2001.03.01 00:00,15852,266.90000000,275.60000000,256.75000000,258.20000000,257.39749,276.42290,10.80000,-5.43842,
2001.04.01 00:00,12811,257.80000000,267.45000000,254.20000000,263.80000000,247.01329,268.59145,9.53791,-1.26209,
2001.05.01 00:00,21447,263.30000000,299.00000000,263.25000000,266.10000000,255.72131,270.88898,6.79629,-2.74162,
2001.06.01 00:00,17356,265.60000000,279.55000000,264.25000000,271.10000000,245.12035,286.04444,16.18642,9.39013,
2001.07.01 00:00,12787,270.60000000,272.50000000,264.00000000,267.10000000,261.86406,279.37843,4.85483,-11.33159,
2001.08.01 00:00,15583,266.60000000,281.70000000,265.75000000,274.70000000,261.72833,271.45853,8.35752,3.50269,
2001.09.01 00:00,24967,274.45000000,296.10000000,270.45000000,293.45000000,265.30207,283.56052,18.33294,9.97542,
2001.10.01 00:00,18529,292.00000000,294.62000000,273.95000000,279.75000000,277.32386,306.68619,15.65329,-2.67965,
2001.11.01 00:00,11267,279.25000000,282.50000000,271.70000000,274.65000000,267.43502,291.09659,7.22378,-8.42951,
2001.12.01 00:00,9262,274.15000000,281.75000000,270.95000000,279.20000000,267.97178,280.33487,5.45090,-1.77289,
2002.01.01 00:00,11395,278.20000000,289.00000000,276.55000000,282.95000000,272.01260,284.37568,8.57593,3.12503,
2002.02.01 00:00,16289,282.20000000,308.30000000,281.45000000,296.30000000,275.07035,289.32224,10.55093,1.97500,
2002.03.01 00:00,10566,295.80000000,304.27000000,287.40000000,302.25000000,280.42725,311.16325,13.08353,2.53261,
2002.04.01 00:00,12691,301.75000000,312.00000000,296.75000000,308.20000000,292.11136,311.42295,3.93520,-9.14834,
2002.05.01 00:00,15489,307.70000000,329.25000000,305.95000000,326.30000000,298.96471,316.42184,7.52282,3.58763,
2002.06.01 00:00,17040,325.80000000,331.15000000,309.90000000,314.20000000,312.45896,339.13116,10.15672,2.63390,
2002.07.01 00:00,16859,313.70000000,325.40000000,300.50000000,303.30000000,301.54258,325.86809,7.31330,-2.84342,
2002.08.01 00:00,15292,302.80000000,317.50000000,298.45000000,312.50000000,288.54695,317.05072,7.93365,0.62034,
2002.09.01 00:00,22952,312.00000000,328.30000000,310.90000000,324.17000000,301.09981,322.90691,6.14137,-1.79228,
2002.10.01 00:00,25501,323.50000000,324.72000000,308.50000000,317.77000000,313.52977,333.44807,12.04829,5.90693,
2002.11.01 00:00,26336,317.75000000,325.40000000,315.62000000,317.90000000,308.46135,327.02887,14.65575,2.60745,
2002.12.01 00:00,34568,318.47000000,354.72000000,315.70000000,347.80000000,312.86931,324.06476,16.23674,1.58100,
2003.01.01 00:00,55164,347.30000000,374.22000000,342.11000000,368.15000000,324.93049,369.59785,35.34560,19.10886,
2003.02.01 00:00,55057,368.15000000,388.75000000,341.00000000,349.95000000,349.81113,386.56841,14.13737,-21.20824,
2003.03.01 00:00,44959,349.50000000,358.60000000,325.49000000,336.55000000,322.16393,376.82478,17.14637,3.00901,
2003.04.01 00:00,41919,337.11000000,340.35000000,318.88000000,338.55000000,318.17349,356.07550,9.41550,-7.73087,
2003.05.01 00:00,46321,339.45000000,375.02000000,337.70000000,364.85000000,327.15524,351.73259,12.66053,3.24503,
2003.06.01 00:00,44225,363.25000000,370.30000000,342.40000000,345.75000000,341.87263,384.59394,21.57476,8.91423,
2003.07.01 00:00,59961,345.85000000,368.00000000,340.10000000,354.25000000,329.89925,361.83722,11.85021,-9.72454,
2003.08.01 00:00,48841,355.32000000,378.00000000,344.95000000,375.55000000,339.33294,371.27090,21.49140,9.64118,
2003.09.01 00:00,47159,375.00000000,394.00000000,369.55000000,385.35000000,356.09081,393.92413,17.50573,-3.98566,
2003.10.01 00:00,60879,385.50000000,392.70000000,366.00000000,384.50000000,371.51175,399.50039,14.26899,-3.23675,
2003.11.01 00:00,73323,384.60000000,401.10000000,375.65000000,398.05000000,369.29792,399.86221,24.89939,10.63040,
2003.12.01 00:00,26125,397.50000000,417.90000000,396.55000000,415.75000000,382.92851,412.06188,27.46180,2.56241,
2004.01.01 00:00,11600,414.61000000,430.70000000,396.30000000,402.40000000,402.42225,426.86224,10.26523,-17.19657,
2004.02.01 00:00,16508,402.30000000,417.50000000,390.60000000,396.24000000,382.61971,421.99841,5.43326,-4.83197,
2004.03.01 00:00,61005,396.25000000,427.60000000,387.90000000,427.18000000,380.85457,411.64781,4.79884,-0.63442,
2004.04.01 00:00,60077,427.21000000,432.60000000,377.38000000,387.59000000,404.45359,449.89936,22.67844,17.87960,
2004.05.01 00:00,53196,387.59000000,396.98000000,371.45000000,395.38000000,355.99816,419.21014,15.13275,-7.54569,
2004.06.01 00:00,43920,395.41000000,405.35000000,381.35000000,392.10000000,380.80783,410.03279,9.63347,-5.49928,
2004.07.01 00:00,24382,392.80000000,409.47000000,385.18000000,391.33000000,379.04905,406.52256,17.20329,7.56982,
2004.08.01 00:00,34859,391.27000000,414.44000000,388.73000000,410.21000000,377.38046,405.18595,10.15917,-7.04412,
2004.09.01 00:00,54964,410.20000000,419.36000000,394.87000000,418.76000000,395.47664,424.90764,14.35117,4.19201,
2004.10.01 00:00,25632,418.75000000,430.55000000,409.55000000,428.60000000,404.71961,432.75404,21.37845,7.02728,
2004.11.01 00:00,27472,429.10000000,455.55000000,417.05000000,450.85000000,417.10080,441.14012,10.46631,-10.91214,
2004.12.01 00:00,121688,451.10000000,457.05000000,431.51000000,438.32000000,429.05905,473.13115,13.08190,2.61559,
2005.01.01 00:00,126156,438.45000000,461.35000000,416.57000000,422.60000000,423.79706,453.03346,31.60727,18.52537,
2005.02.01 00:00,97445,422.58000000,438.43000000,410.25000000,435.61000000,396.91614,448.17715,49.39546,17.78819,
2005.03.01 00:00,107274,435.62000000,447.50000000,423.28000000,428.73000000,419.54257,451.80106,21.76083,-27.63463,
2005.04.01 00:00,109705,428.71000000,438.45000000,421.83000000,434.95000000,414.81674,442.54210,38.06742,16.30659,
2005.05.01 00:00,98396,434.96000000,435.87000000,414.15000000,417.10000000,425.43374,444.45915,45.29521,7.22779,
2005.06.01 00:00,84462,416.31000000,444.00000000,414.38000000,435.55000000,403.85215,428.71569,59.20337,13.90816,
2005.07.01 00:00,65956,435.50000000,437.00000000,417.85000000,429.60000000,418.58465,452.49154,38.88674,-20.31663,
2005.08.01 00:00,125365,429.55000000,450.04000000,428.80000000,435.05000000,418.62037,440.54195,22.26739,-16.61935,
2005.09.01 00:00,140074,434.85000000,475.20000000,434.60000000,468.95000000,422.61197,446.92603,65.46475,43.19737,
2005.10.01 00:00,156528,468.86000000,480.11000000,459.75000000,465.65000000,445.62108,492.09711,65.94821,0.48346,
2005.11.01 00:00,142208,465.90000000,502.45000000,454.75000000,492.85000000,454.29802,477.60472,38.55369,-27.39452,
2005.12.01 00:00,57695,492.95000000,541.00000000,489.45000000,516.97000000,465.58952,520.19313,69.84676,31.29306,
2006.01.01 00:00,115659,516.85000000,572.70000000,516.54000000,568.20000000,487.45288,546.46370,12.09539,-57.75137,
2006.02.01 00:00,116923,570.60000000,575.10000000,534.65000000,561.40000000,538.43659,602.72463,22.43628,10.34089,
2006.03.01 00:00,144592,561.35000000,589.40000000,533.50000000,583.50000000,538.20087,584.50519,20.81962,-1.61665,
2006.04.01 00:00,150474,583.30000000,655.80000000,581.65000000,654.54000000,551.27681,615.26721,35.74586,14.92624,
2006.05.01 00:00,144403,654.20000000,730.25000000,635.35000000,644.79000000,611.77569,696.65741,26.91843,-8.82743,
2006.06.01 00:00,105383,644.70000000,645.50000000,542.55000000,615.29000000,590.39653,699.03139,19.47444,-7.44398,
2006.07.01 00:00,102588,613.95000000,676.05000000,601.90000000,636.04000000,555.04072,672.89066,11.10464,-8.36981,
2006.08.01 00:00,110912,636.15000000,655.92000000,607.11000000,626.79000000,593.71128,678.59300,9.96484,-1.13980,
2006.09.01 00:00,92948,626.45000000,640.10000000,572.03000000,598.55000000,598.50350,654.37777,14.95779,4.99295,
2006.10.01 00:00,105165,598.54000000,610.60000000,559.22000000,605.70000000,559.57146,637.49322,19.04282,4.08503,
2006.11.01 00:00,73296,606.00000000,648.55000000,605.10000000,647.50000000,576.59863,635.41485,15.44954,-3.59328,
2006.12.01 00:00,92218,647.80000000,649.65000000,611.35000000,635.19000000,622.93296,672.67148,14.26547,-1.18406,
2007.01.01 00:00,183976,636.45000000,654.70000000,601.50000000,652.35000000,614.51538,658.35853,21.22394,6.95846,
2007.02.01 00:00,188554,652.60000000,688.95000000,642.70000000,673.85000000,622.09991,682.99954,48.03551,26.81157,
2007.03.01 00:00,229110,669.20000000,677.40000000,632.20000000,663.45000000,642.75173,695.69549,35.44248,-12.59303,
2007.04.01 00:00,189239,665.45000000,693.55000000,655.90000000,678.65000000,639.55268,691.29447,49.53730,14.09482,
2007.05.01 00:00,196394,677.80000000,690.70000000,651.50000000,660.80000000,656.26484,699.36392,41.86704,-7.67026,
2007.06.01 00:00,161682,660.50000000,673.85000000,638.30000000,649.35000000,638.04399,682.91740,52.16308,10.29605,
2007.07.01 00:00,183639,650.85000000,687.75000000,645.00000000,663.75000000,630.52290,671.21805,41.24541,-10.91767,
2007.08.01 00:00,241107,663.40000000,676.70000000,641.60000000,672.30000000,638.91188,687.84908,51.65654,10.41113,
2007.09.01 00:00,110409,672.50000000,745.50000000,671.10000000,742.60000000,652.40110,692.58112,56.39930,4.74276,
2007.10.01 00:00,167461,743.70000000,797.00000000,720.30000000,796.40000000,701.16282,786.33072,31.45556,-24.94374,
2007.11.01 00:00,237684,796.30000000,845.40000000,772.40000000,781.80000000,752.41639,840.21717,22.50820,-8.94736,
2007.12.01 00:00,149745,782.90000000,843.10000000,776.60000000,832.70000000,741.10146,824.66674,30.98879,8.48059,
2008.01.01 00:00,401819,835.50000000,936.75000000,834.80000000,925.65000000,797.45737,873.58191,20.51301,-10.47577,
2008.02.01 00:00,466189,925.80000000,975.95000000,884.00000000,973.05000000,867.37256,984.07777,60.42391,39.91090,
2008.03.01 00:00,528336,973.10000000,1032.35000000,904.33000000,915.65000000,920.49860,1025.75651,45.72722,-14.69669,
2008.04.01 00:00,431329,915.70000000,952.60000000,862.35000000,877.15000000,842.40384,988.95216,57.45905,11.73183,
2008.05.01 00:00,425752,877.05000000,935.15000000,844.95000000,886.55000000,825.43863,928.75050,33.69231,-23.76674,
2008.06.01 00:00,530908,887.60000000,935.10000000,857.05000000,925.05000000,835.94740,939.20204,47.17474,13.48242,
2008.07.01 00:00,604044,925.00000000,988.15000000,893.50000000,913.55000000,880.30501,969.65117,58.85898,11.68424,
2008.08.01 00:00,621429,913.65000000,916.90000000,772.60000000,830.05000000,859.44091,967.78959,77.39193,18.53295,
2008.09.01 00:00,792020,833.55000000,925.10000000,735.95000000,871.05000000,750.97975,916.16427,65.65547,-11.73646,
2008.10.01 00:00,916077,870.90000000,930.95000000,679.55000000,723.85000000,762.65736,979.18302,54.88704,-10.76843,
2008.11.01 00:00,648883,724.20000000,830.70000000,699.00000000,817.25000000,580.31956,868.10465,48.43125,-6.45580,
2008.12.01 00:00,708041,818.25000000,890.05000000,741.00000000,880.20000000,742.91195,893.67288,25.81078,-22.62047,
2009.01.01 00:00,718486,870.80000000,929.20000000,801.30000000,927.40000000,785.43660,956.05858,53.76166,27.95088,
2009.02.01 00:00,709540,922.80000000,1006.00000000,888.80000000,940.90000000,849.60494,996.01590,48.20436,-5.55729,
2009.03.01 00:00,720285,948.05000000,966.80000000,883.45000000,918.80000000,880.95519,1015.11754,55.47615,7.27179,
2009.04.01 00:00,524903,918.80000000,933.15000000,864.50000000,887.90000000,871.08217,966.49540,61.45776,5.98161,
2009.05.01 00:00,464014,887.95000000,980.05000000,878.85000000,978.60000000,848.65430,927.24001,62.97576,1.51800,
2009.06.01 00:00,498254,977.95000000,990.05000000,912.80000000,926.10000000,920.01801,1035.86468,67.59126,4.61550,
2009.07.01 00:00,392084,926.15000000,958.70000000,904.90000000,951.00000000,881.96923,970.39961,49.23458,-18.35668,
2009.08.01 00:00,403917,953.75000000,971.55000000,930.15000000,950.95000000,922.95391,984.54038,50.75521,1.52063,
2009.09.01 00:00,429236,950.85000000,1023.90000000,946.30000000,1007.37000000,927.10849,974.50030,75.07751,24.32230,
2009.10.01 00:00,450804,1007.37000000,1070.45000000,986.40000000,1045.20000000,962.90085,1051.73189,103.68019,28.60268,
2009.11.01 00:00,480420,1041.80000000,1194.95000000,1040.75000000,1179.25000000,993.77821,1089.99275,58.09330,-45.58689,
2009.12.01 00:00,695870,1179.30000000,1226.15000000,1074.40000000,1096.55000000,1091.04308,1267.56043,57.15883,-0.93446,
2010.01.01 00:00,590240,1096.70000000,1161.85000000,1073.80000000,1081.30000000,1009.86618,1183.57894,45.12776,-12.03108,
2010.02.01 00:00,652922,1082.40000000,1130.85000000,1044.05000000,1116.60000000,1032.01495,1132.80842,38.89555,-6.23220,
2010.03.01 00:00,621876,1117.25000000,1144.85000000,1084.95000000,1112.85000000,1067.50261,1166.86517,74.15355,35.25800,
2010.04.01 00:00,527362,1112.95000000,1181.63000000,1111.30000000,1178.25000000,1078.67004,1147.23936,71.64470,-2.50885,
2010.05.01 00:00,678176,1176.85000000,1249.28000000,1156.35000000,1216.00000000,1136.56483,1217.07368,88.04040,16.39570,
2010.06.01 00:00,613965,1216.05000000,1265.05000000,1196.75000000,1242.08000000,1162.84440,1269.22415,96.42770,8.38730,
2010.07.01 00:00,543047,1242.13000000,1243.74000000,1156.85000000,1180.70000000,1203.09440,1281.27945,66.06747,-30.36023,
2010.08.01 00:00,461903,1180.25000000,1249.75000000,1174.38000000,1247.20000000,1130.49201,1229.95759,79.50908,13.44161,
2010.09.01 00:00,430520,1247.23000000,1315.80000000,1236.43000000,1308.15000000,1204.14026,1290.41855,53.15951,-26.34957,
2010.10.01 00:00,646917,1308.12000000,1387.10000000,1305.93000000,1362.70000000,1262.68397,1353.54118,57.12087,3.96136,
2010.11.01 00:00,853498,1358.03000000,1424.43000000,1325.43000000,1385.73000000,1311.52541,1404.44314,81.50649,24.38562,
2010.12.01 00:00,664035,1385.86000000,1430.90000000,1361.03000000,1418.52000000,1329.15154,1442.47980,105.14944,23.64295,
2011.01.01 00:00,636429,1419.50000000,1423.83000000,1307.95000000,1332.45000000,1379.58026,1459.56253,67.07424,-38.07520,
2011.02.01 00:00,550271,1332.40000000,1418.09000000,1324.93000000,1411.03000000,1266.02932,1398.68062,91.08759,24.01335,
2011.03.01 00:00,652896,1411.08000000,1447.53000000,1380.90000000,1431.70000000,1357.84024,1464.48327,47.48628,-43.60131,
2011.04.01 00:00,567354,1431.73000000,1569.03000000,1412.70000000,1562.25000000,1393.55095,1469.82430,70.08330,22.59702,
2011.05.01 00:00,666218,1554.91000000,1574.95000000,1462.24000000,1535.30000000,1465.40394,1644.35956,85.14993,15.06663,
2011.06.01 00:00,558269,1535.55000000,1557.91000000,1490.70000000,1500.08000000,1471.11850,1600.14101,42.61613,-42.53380,
2011.07.01 00:00,581487,1501.40000000,1632.70000000,1477.99000000,1614.95000000,1462.91839,1539.85568,49.53145,6.91532,
2011.08.01 00:00,1233941,1610.30000000,1911.80000000,1607.05000000,1825.70000000,1521.68007,1698.78123,86.51793,36.98648,
2011.09.01 00:00,1303745,1825.70000000,1920.70000000,1532.40000000,1622.65000000,1651.28446,2000.14089,79.75832,-6.75961,
2011.10.01 00:00,994465,1617.21000000,1752.40000000,1595.65000000,1714.60000000,1395.03003,1839.52864,42.78080,-36.97752,
2011.11.01 00:00,914647,1714.24000000,1802.84000000,1666.40000000,1746.05000000,1624.55399,1803.99040,25.61074,-17.17006,
2011.12.01 00:00,943837,1746.15000000,1762.85000000,1522.45000000,1562.80000000,1667.99514,1824.18208,58.35069,32.73995,
2012.01.01 00:00,1018584,1569.50000000,1747.42000000,1566.65000000,1738.05000000,1431.88317,1707.07623,69.17597,10.82529,
2012.02.01 00:00,1260634,1738.15000000,1790.55000000,1687.90000000,1696.65000000,1634.73385,1841.66667,42.37038,-26.80559,
2012.03.01 00:00,1172660,1696.10000000,1725.80000000,1627.90000000,1667.97000000,1637.29542,1754.80195,69.73690,27.36652,
2012.04.01 00:00,866366,1669.30000000,1683.50000000,1612.10000000,1664.63000000,1613.18203,1725.25108,114.23868,44.50177,
2012.05.01 00:00,800003,1663.65000000,1671.53000000,1526.91000000,1560.26000000,1622.83141,1704.56513,88.49499,-25.74368,
2012.06.01 00:00,814072,1560.31000000,1640.91000000,1544.96000000,1597.28000000,1477.49042,1643.04126,112.04524,23.55024,
2012.07.01 00:00,735805,1599.00000000,1629.50000000,1554.80000000,1614.16000000,1544.18613,1654.02296,56.29042,-55.75482,
2012.08.01 00:00,621146,1613.80000000,1692.90000000,1584.73000000,1691.65000000,1571.00609,1656.51742,76.68629,20.39588,
2012.09.01 00:00,437557,1690.70000000,1787.60000000,1685.35000000,1771.80000000,1628.77516,1752.60059,83.15207,6.46578,
2012.10.01 00:00,232236,1771.90000000,1795.70000000,1698.40000000,1720.00000000,1713.45575,1830.50438,40.45086,-42.70121,
2012.11.01 00:00,217475,1720.20000000,1754.40000000,1671.90000000,1714.80000000,1664.54215,1775.92437,22.71257,-17.73830,
2012.12.01 00:00,195410,1713.82000000,1723.30000000,1635.30000000,1675.00000000,1666.60057,1761.04079,22.35098,-0.36159,
2013.01.01 00:00,216156,1675.50000000,1696.10000000,1625.80000000,1663.30000000,1625.12938,1725.86561,23.68606,1.33508,
2013.02.01 00:00,194666,1663.50000000,1685.10000000,1554.50000000,1579.20000000,1623.26110,1703.73561,24.56318,0.87712,
2013.03.01 00:00,152977,1579.30000000,1616.50000000,1561.30000000,1596.40000000,1504.54327,1654.04500,27.69075,3.12757,
2013.04.01 00:00,988538,1597.50000000,1603.50000000,1321.80000000,1476.40000000,1565.93541,1629.12450,11.71340,-15.97735,
2013.05.01 00:00,2439801,1476.35000000,1488.01000000,1338.06000000,1387.67000000,1314.80096,1637.27137,179.08297,167.36957,
2013.06.01 00:00,2088419,1387.62000000,1423.73000000,1180.30000000,1234.30000000,1301.96727,1473.61952,86.60990,-92.47307,
2013.07.01 00:00,1820200,1233.87000000,1347.67000000,1208.15000000,1325.05000000,1094.44045,1373.10205,139.27436,52.66445,
2013.08.01 00:00,1834946,1324.08000000,1433.71000000,1272.79000000,1395.02000000,1244.34459,1404.05730,74.77304,-64.50132,
2013.09.01 00:00,1392714,1393.38000000,1416.34000000,1291.08000000,1328.79000000,1301.16863,1485.37856,131.51849,56.74546,
2013.10.01 00:00,1746369,1327.82000000,1361.79000000,1251.59000000,1322.87000000,1256.20989,1399.59876,86.54698,-44.97151,
2013.11.01 00:00,1065744,1321.82000000,1327.45000000,1226.53000000,1251.58000000,1258.64624,1384.79548,139.41953,52.87255,
2013.12.01 00:00,1053809,1251.32000000,1267.84000000,1182.28000000,1201.49000000,1193.63701,1309.16315,96.70998,-42.70955,
2014.01.01 00:00,1033038,1205.54000000,1278.96000000,1203.24000000,1244.32000000,1156.55400,1254.49709,104.42023,7.71025,
2014.02.01 00:00,1072998,1242.76000000,1345.37000000,1240.71000000,1326.32000000,1199.38993,1286.06888,120.73843,16.31820,
2014.03.01 00:00,1494439,1332.24000000,1392.05000000,1282.41000000,1283.89000000,1272.29697,1392.10440,141.70602,20.96759,
2014.04.01 00:00,1222928,1284.12000000,1331.13000000,1268.52000000,1291.21000000,1221.36388,1346.87206,142.78989,1.08387,
2014.05.01 00:00,1131660,1291.34000000,1315.56000000,1242.26000000,1249.50000000,1255.56283,1327.23436,111.54031,-31.24958,
2014.06.01 00:00,965377,1249.10000000,1329.43000000,1240.66000000,1327.32000000,1207.01588,1290.92458,180.74748,69.20717,
2014.07.01 00:00,1007999,1327.44000000,1345.39000000,1280.66000000,1282.52000000,1276.72313,1378.34080,131.70218,-49.04530,
2014.08.01 00:00,874636,1282.48000000,1322.69000000,1271.58000000,1287.08000000,1245.46485,1319.56322,113.55176,-18.15042,
2014.09.01 00:00,1198466,1287.25000000,1289.89000000,1204.45000000,1208.07000000,1257.95598,1316.46313,135.12066,21.56889,
2014.10.01 00:00,1540542,1208.07000000,1255.22000000,1159.27000000,1173.13000000,1158.98082,1256.78654,234.48758,99.36692,
2014.11.01 00:00,1384109,1169.90000000,1207.78000000,1131.72000000,1166.90000000,1115.08318,1224.92001,180.30688,-54.18069,
2014.12.01 00:00,1540996,1159.08000000,1238.23000000,1142.77000000,1183.76000000,1115.61353,1202.68168,144.25315,-36.05373,
2015.01.01 00:00,1696192,1183.91000000,1307.64000000,1167.42000000,1283.33000000,1129.16263,1238.43855,202.60268,58.34953,
2015.02.01 00:00,1272438,1282.10000000,1285.76000000,1190.66000000,1213.11000000,1201.88971,1362.40373,177.68615,-24.91653,
2015.03.01 00:00,1409866,1213.56000000,1223.26000000,1142.80000000,1183.57000000,1159.29111,1268.15493,90.74583,-86.94032,
2015.04.01 00:00,1158166,1182.83000000,1224.26000000,1175.23000000,1184.28000000,1136.66969,1228.77466,148.25089,57.50507,
2015.05.01 00:00,1165531,1183.94000000,1232.40000000,1169.76000000,1190.14000000,1155.88502,1212.01113,143.94308,-4.30782,
2015.06.01 00:00,1211275,1190.84000000,1205.78000000,1162.78000000,1172.13000000,1154.81122,1226.51710,237.71793,93.77485,
2015.07.01 00:00,1665685,1172.46000000,1175.08000000,1077.34000000,1095.68000000,1147.93146,1197.15485,193.37085,-44.34708,
2015.08.01 00:00,2044505,1095.79000000,1170.12000000,1081.05000000,1134.89000000,1039.48329,1151.36919,387.36860,193.99776,
2015.09.01 00:00,1829688,1134.33000000,1156.76000000,1098.82000000,1114.71000000,1083.68358,1185.64467,209.17792,-178.19068,
2015.10.01 00:00,2113343,1115.20000000,1191.66000000,1104.69000000,1141.91000000,1082.04422,1148.36987,205.42135,-3.75657,
2015.11.01 00:00,1914603,1141.79000000,1143.02000000,1052.74000000,1064.67000000,1091.71267,1191.26983,364.74681,159.32545,
2015.12.01 00:00,1862018,1064.81000000,1088.91000000,1046.42000000,1061.09000000,1013.40803,1116.75425,220.14522,-144.60158,
2016.01.01 00:00,2372588,1062.52000000,1128.12000000,1061.67000000,1118.13000000,1038.22627,1086.86584,206.24922,-13.89600,
2016.02.01 00:00,3334096,1117.46000000,1263.45000000,1115.45000000,1238.50000000,1078.76606,1154.83336,558.38739,352.13816,
2016.03.01 00:00,3303255,1238.33000000,1284.27000000,1207.64000000,1232.73000000,1153.72620,1323.14622,501.74507,-56.64231,
2016.04.01 00:00,3421914,1232.21000000,1296.75000000,1209.02000000,1293.06000000,1188.87198,1276.59263,223.19291,-278.55217,
2016.05.01 00:00,3613896,1292.11000000,1303.77000000,1199.82000000,1215.29000000,1241.47761,1341.90476,446.55018,223.35727,
2016.06.01 00:00,2961575,1215.32000000,1358.38000000,1206.06000000,1322.22000000,1155.88757,1274.88224,411.93389,-34.61629,
2016.07.01 00:00,2713482,1323.37000000,1375.19000000,1310.91000000,1351.07000000,1236.42556,1410.79082,284.90380,-127.03009,
2016.08.01 00:00,2530193,1349.56000000,1367.29000000,1304.29000000,1307.60000000,1312.96857,1386.55180,178.14351,-106.76029,
2016.09.01 00:00,2090205,1309.23000000,1352.62000000,1299.63000000,1316.06000000,1272.76697,1344.88496,393.62057,215.47705,
2016.10.01 00:00,1573821,1318.45000000,1319.65000000,1241.43000000,1277.02000000,1288.23634,1348.89558,331.77857,-61.84199,
2016.11.01 00:00,3808753,1277.10000000,1337.33000000,1170.76000000,1173.08000000,1232.39482,1321.93559,297.00340,-34.77517,
2016.12.01 00:00,2851558,1173.47000000,1188.07000000,1122.55000000,1152.59000000,1077.77505,1268.45270,486.92828,189.92488,
2017.01.01 00:00,3598506,1150.96000000,1220.08000000,1146.10000000,1210.55000000,1114.05068,1189.05338,171.19277,-315.73551,
2017.02.01 00:00,3136937,1211.10000000,1263.87000000,1198.20000000,1248.20000000,1168.04761,1252.73472,549.22253,378.02976,
2017.03.01 00:00,2037812,1248.09000000,1261.06000000,1195.00000000,1248.98000000,1210.73755,1285.91196,424.02501,-125.19752,
2017.04.01 00:00,2072488,1249.17000000,1295.52000000,1243.78000000,1268.24000000,1211.57279,1287.19365,310.31095,-113.71406,
2017.05.01 00:00,3761245,1267.34000000,1274.14000000,1214.29000000,1268.78000000,1237.71943,1296.94775,313.72813,3.41718,
2017.06.01 00:00,3284640,1266.89000000,1296.10000000,1235.96000000,1241.31000000,1231.85913,1300.37122,726.95110,413.22298,
2017.07.01 00:00,3095067,1241.54000000,1271.13000000,1204.85000000,1269.41000000,1207.45200,1276.29605,548.81203,-178.13907,
2017.08.01 00:00,4784026,1268.81000000,1326.04000000,1251.54000000,1321.35000000,1230.93772,1306.81042,514.64366,-34.16837,
2017.09.01 00:00,5046847,1321.04000000,1357.53000000,1276.05000000,1279.18000000,1278.01040,1363.29277,721.79028,207.14662,
2017.10.01 00:00,4734598,1279.62000000,1306.08000000,1260.64000000,1270.96000000,1233.06689,1326.33948,677.42913,-44.36116,
2017.11.01 00:00,4983607,1271.00000000,1299.24000000,1265.49000000,1274.87000000,1245.17241,1297.18893,581.07486,-96.35426,
2017.12.01 00:00,4121203,1274.45000000,1307.58000000,1236.52000000,1302.70000000,1254.16576,1292.80040,1096.74450,515.66963,
2018.01.01 00:00,5497744,1302.96000000,1366.08000000,1302.26000000,1345.04000000,1262.05458,1343.39908,1221.09719,124.35269,
2018.02.01 00:00,6806555,1344.73000000,1361.76000000,1307.08000000,1318.07000000,1309.04062,1382.09728,773.67633,-447.42086,
2018.03.01 00:00,6423118,1318.00000000,1356.86000000,1302.82000000,1325.15000000,1286.15397,1348.74780,1066.52382,292.84749,
2018.04.01 00:00,6072645,1325.50000000,1365.29000000,1310.24000000,1315.27000000,1294.36661,1356.22781,1174.67410,108.15029,
2018.05.01 00:00,6197865,1314.72000000,1325.98000000,1282.10000000,1298.25000000,1283.30683,1346.32421,1123.73150,-50.94261,
2018.06.01 00:00,5180759,1298.65000000,1309.30000000,1245.98000000,1252.69000000,1273.53063,1323.76138,1125.86104,2.12954,
2018.07.01 00:00,5080568,1251.64000000,1265.98000000,1211.46000000,1223.72000000,1215.29509,1287.77939,1180.66522,54.80419,
2018.08.01 00:00,5685936,1223.45000000,1224.85000000,1160.19000000,1201.01000000,1192.95401,1255.36468,802.36387,-378.30136,
2018.09.01 00:00,3783162,1200.69000000,1212.67000000,1180.67000000,1191.95000000,1163.22984,1237.24808,1042.90829,240.54442,
2018.10.01 00:00,3637283,1192.32000000,1243.45000000,1183.33000000,1214.63000000,1174.86278,1211.49413,585.08537,-457.82292,
2018.11.01 00:00,3065910,1215.31000000,1237.39000000,1196.33000000,1222.22000000,1179.86519,1248.68635,1136.65094,551.56557,
2018.12.01 00:00,4989373,1224.79000000,1284.11000000,1219.59000000,1282.46000000,1202.46378,1249.46639,509.96507,-626.68587,
2019.01.01 00:00,4365336,1282.23000000,1326.30000000,1276.66000000,1321.35000000,1243.97875,1317.83673,1215.14199,705.17692,
2019.02.01 00:00,2526444,1321.10000000,1346.76000000,1302.37000000,1313.14000000,1293.69764,1350.52203,676.58648,-538.55550,
2019.03.01 00:00,2389207,1313.85000000,1324.54000000,1280.90000000,1292.00000000,1288.75705,1339.57160,508.95326,-167.63322,
2019.04.01 00:00,1841955,1292.28000000,1310.62000000,1266.34000000,1283.44000000,1267.24710,1317.20311,538.23091,29.27764,
2019.05.01 00:00,2014096,1283.16000000,1306.96000000,1266.31000000,1305.55000000,1258.03347,1308.72211,422.07951,-116.15139,
2019.06.01 00:00,2818448,1306.98000000,1439.12000000,1305.95000000,1409.46000000,1283.65191,1330.18518,454.85456,32.77505,
2019.07.01 00:00,3233436,1398.45000000,1452.98000000,1381.80000000,1411.66000000,1321.78097,1474.22465,693.34514,238.49058,
2019.08.01 00:00,3683142,1413.35000000,1555.03000000,1400.56000000,1520.55000000,1373.45386,1454.93573,242.80514,-450.54001,
2019.09.01 00:00,3627141,1532.86000000,1557.06000000,1464.53000000,1472.55000000,1443.93182,1620.75825,517.44057,274.63544,
2019.10.01 00:00,3804444,1471.89000000,1519.64000000,1459.10000000,1512.48000000,1419.45902,1525.38088,234.81200,-282.62857,
2019.11.01 00:00,2664724,1512.62000000,1516.17000000,1445.62000000,1463.97000000,1477.63836,1546.94031,411.15789,176.34589,
2019.12.01 00:00,2040135,1464.19000000,1525.32000000,1453.99000000,1520.30000000,1423.75527,1504.51597,440.15923,29.00134,
2020.01.01 00:00,2903678,1517.97000000,1611.39000000,1517.23000000,1589.17000000,1477.42631,1559.07990,289.17576,-150.98347,
2020.02.01 00:00,3393870,1593.12000000,1689.35000000,1547.51000000,1585.67000000,1539.00504,1646.79281,407.07669,117.90092,
2020.03.01 00:00,4219087,1591.59000000,1703.29000000,1451.22000000,1576.22000000,1510.49321,1672.86170,360.43649,-46.64019,
2020.04.01 00:00,2604943,1575.06000000,1747.81000000,1567.84000000,1687.00000000,1430.90207,1719.45413,297.45396,-62.98253,
2020.05.01 00:00,2622569,1686.77000000,1765.31000000,1670.32000000,1729.81000000,1584.12546,1790.14249,103.34205,-194.11191,
2020.06.01 00:00,2901185,1735.05000000,1786.12000000,1670.72000000,1780.44000000,1680.60159,1789.33948,145.72256,42.38052,
2020.07.01 00:00,2943523,1780.44000000,1983.07000000,1757.44000000,1975.24000000,1714.08964,1846.19147,305.42004,159.69748,
2020.08.01 00:00,3714756,1978.48000000,2075.24000000,1862.60000000,1967.63000000,1849.43171,2107.71711,255.07132,-50.34873,
2020.09.01 00:00,3241114,1967.06000000,1992.41000000,1848.41000000,1885.55000000,1845.52189,2088.93725,164.63928,-90.43204,
2020.10.01 00:00,3104742,1885.26000000,1933.19000000,1859.94000000,1878.38000000,1802.86236,1967.70346,152.42259,-12.21668,
2020.11.01 00:00,2771919,1877.02000000,1965.51000000,1764.23000000,1776.72000000,1834.97579,1918.82726,215.60708,63.18449,
2020.12.01 00:00,2685818,1777.90000000,1906.74000000,1775.74000000,1893.70000000,1662.38910,1892.80033,378.41898,162.81189,
2021.01.01 00:00,3259738,1908.61000000,1959.35000000,1803.58000000,1848.69000000,1834.08955,1984.04917,133.43690,-244.98207,
2021.02.01 00:00,3675247,1859.64000000,1871.82000000,1717.22000000,1734.28000000,1770.26633,1948.58091,248.83496,115.39806,
2021.03.01 00:00,4119194,1735.92000000,1759.83000000,1676.81000000,1707.39000000,1647.45656,1824.43180,235.94062,-12.89434,
2021.04.01 00:00,2342125,1707.04000000,1797.87000000,1705.76000000,1768.88000000,1659.46507,1754.50054,266.44204,30.50143,
2021.05.01 00:00,2039617,1766.81000000,1912.75000000,1766.04000000,1906.64000000,1714.06008,1819.50115,282.11576,15.67371,
2021.06.01 00:00,1992090,1907.39000000,1916.59000000,1750.67000000,1770.37000000,1823.53212,1991.47545,221.43274,-60.68301,
2021.07.01 00:00,1900287,1770.04000000,1834.14000000,1765.73000000,1814.09000000,1675.23381,1865.16739,135.78420,-85.64854,
2021.08.01 00:00,1769460,1813.83000000,1831.72000000,1677.77000000,1813.74000000,1774.71437,1853.02534,114.53032,-21.25388,
2021.09.01 00:00,1817617,1814.36000000,1834.00000000,1721.65000000,1757.00000000,1725.97417,1902.20534,258.65517,144.12485,
2021.10.01 00:00,1780479,1756.36000000,1813.84000000,1745.88000000,1782.96000000,1692.31842,1820.92882,118.06541,-140.58976,
2021.11.01 00:00,1941215,1782.92000000,1877.13000000,1758.82000000,1774.81000000,1743.94631,1821.74215,158.47610,40.41069,
2021.12.01 00:00,1608142,1775.08000000,1828.61000000,1751.04000000,1828.34000000,1707.12506,1842.55805,285.64082,127.16472,
2022.01.01 00:00,1861492,1830.11000000,1853.88000000,1780.31000000,1797.30000000,1785.99238,1874.78908,135.92613,-149.71469,
2022.02.01 00:00,1898251,1798.04000000,1974.41000000,1788.70000000,1908.93000000,1755.73601,1839.95379,239.97576,104.04964,
2022.03.01 00:00,2222326,1907.85000000,2070.27000000,1890.10000000,1937.11000000,1801.52227,2014.11006,258.01971,18.04395,
2022.04.01 00:00,1874090,1937.27000000,1998.36000000,1872.04000000,1896.23000000,1834.40643,2040.65241,119.66647,-138.35324,
2022.05.01 00:00,2017240,1897.82000000,1909.79000000,1791.41000000,1837.46000000,1825.54820,1970.15048,104.01787,-15.64860,
2022.06.01 00:00,1870323,1837.06000000,1879.02000000,1802.74000000,1807.12000000,1769.19904,1904.71217,159.69284,55.67497,
2022.07.01 00:00,1711127,1806.74000000,1814.30000000,1680.92000000,1766.00000000,1763.08319,1850.40318,157.99316,-1.69969,
2022.08.01 00:00,1883829,1764.18000000,1807.92000000,1709.65000000,1710.99000000,1687.71359,1840.39766,224.32184,66.32868,
2022.09.01 00:00,2050033,1711.12000000,1735.13000000,1614.87000000,1660.79000000,1655.02949,1767.52209,141.23774,-83.08410,
2022.10.01 00:00,1978289,1662.36000000,1729.48000000,1617.26000000,1633.56000000,1593.40106,1731.06628,208.61229,67.37455,
2022.11.01 00:00,2008752,1632.66000000,1786.51000000,1616.66000000,1768.39000000,1568.51192,1696.97351,164.50100,-44.11129,
2022.12.01 00:00,1870190,1768.74000000,1833.32000000,1765.87000000,1823.73000000,1671.49663,1865.92900,179.00125,14.50025,
2023.01.01 00:00,1835163,1826.92000000,1949.24000000,1824.21000000,1928.10000000,1788.44316,1865.65519,110.10833,-68.89292,
2023.02.01 00:00,1668405,1927.81000000,1959.78000000,1804.75000000,1826.50000000,1855.94351,1999.06908,272.07754,161.96921,
2023.03.01 00:00,2175855,1826.98000000,2009.80000000,1809.38000000,1969.22000000,1738.50622,1915.97369,133.44037,-138.63716,
2023.04.01 00:00,1620737,1961.31000000,2048.76000000,1949.74000000,1989.55000000,1846.58366,2076.01042,140.35058,6.91020,
2023.05.01 00:00,2040756,1989.62000000,2071.72000000,1932.07000000,1962.60000000,1933.05596,2046.40711,80.86703,-59.48355,
2023.06.01 00:00,1645132,1963.12000000,1983.43000000,1893.01000000,1919.17000000,1882.95442,2042.81595,206.09533,125.22831,
2023.07.01 00:00,1540210,1918.99000000,1987.46000000,1902.66000000,1965.52000000,1867.40232,1970.90879,117.80394,-88.29140,
2023.08.01 00:00,1603776,1965.78000000,1966.05000000,1884.86000000,1940.06000000,1917.14494,2014.21804,170.33953,52.53559,
2023.09.01 00:00,1329436,1939.88000000,1952.91000000,1846.32000000,1848.74000000,1893.37447,1986.31509,189.12453,18.78500,
2023.10.01 00:00,1874247,1847.81000000,2009.36000000,1810.43000000,1983.97000000,1786.84921,1908.86597,163.74381,-25.38072,
2023.11.01 00:00,1786185,1983.80000000,2051.99000000,1931.72000000,2036.09000000,1869.91677,2097.63788,175.83704,12.09323,
2023.12.01 00:00,1692801,2036.88000000,2143.85000000,1973.02000000,2063.03000000,1968.20301,2105.87968,89.78962,-86.04741,
2024.01.01 00:00,1759261,2063.69000000,2078.88000000,2001.91000000,2039.20000000,1965.81734,2161.37155,140.75006,50.96044,
2024.02.01 00:00,1621578,2039.99000000,2065.41000000,1984.26000000,2044.12000000,1996.00589,2084.11575,102.98314,-37.76692,
2024.03.01 00:00,2240349,2043.69000000,2236.24000000,2039.10000000,2232.88000000,1997.04065,2089.93548,210.67663,107.69349,
2024.04.01 00:00,3954077,2239.90000000,2431.52000000,2228.54000000,2286.30000000,2126.94135,2352.61340,276.07505,65.39842,
2024.05.01 00:00,3422849,2286.49000000,2450.06000000,2277.34000000,2327.46000000,2170.45294,2402.81021,200.57203,-75.50302,
2024.06.01 00:00,3128700,2327.79000000,2387.72000000,2286.82000000,2326.40000000,2228.99102,2426.70877,168.62987,-31.94217,
2024.07.01 00:00,3730499,2327.13000000,2483.69000000,2318.56000000,2447.24000000,2269.35491,2384.85816,181.14289,12.51303,
2024.08.01 00:00,4241746,2448.40000000,2531.72000000,2364.35000000,2503.35000000,2353.53178,2542.56102,369.72240,188.57951,
2024.09.01 00:00,3782172,2503.75000000,2685.58000000,2471.93000000,2634.53000000,2408.16488,2599.75832,256.87313,-112.84927,
2024.10.01 00:00,4313848,2634.38000000,2790.10000000,2604.49000000,2743.77000000,2512.15216,2756.72370,225.97670,-30.89643,
2024.11.01 00:00,4850720,2743.83000000,2762.22000000,2536.85000000,2650.39000000,2637.63847,2850.11178,201.91191,-24.06479,
2024.12.01 00:00,3895146,2652.29000000,2726.16000000,2582.92000000,2624.43000000,2523.18468,2781.17246,261.33937,59.42746,
2025.01.01 00:00,4030780,2625.14000000,2817.11000000,2614.79000000,2798.47000000,2543.32040,2707.29151,172.83339,-88.50598,
2025.02.01 00:00,3114824,2797.69000000,2956.29000000,2772.21000000,2859.06000000,2681.68555,2913.28730,281.40045,108.56706,
2025.03.01 00:00,3013700,2856.12000000,3127.92000000,2855.87000000,3123.96000000,2750.99803,2961.71991,153.95532,-127.44513,
2025.04.01 00:00,1981328,3123.08000000,3245.78000000,2956.56000000,3210.87000000,2967.34981,3278.77358,163.71686,9.76154,
