Date,Open,High,Low,Close,Volume
2023-01-01 00:00:00,100.6578,100.6943,99.4165,100.0,991346.0
2023-01-01 01:00:00,99.577,100.1962,99.3465,99.7235,1117559.0
2023-01-01 02:00:00,99.5393,101.3412,99.0686,101.0153,1057038.0
2023-01-01 03:00:00,101.4052,105.0146,101.0653,104.0923,1114366.0
2023-01-01 04:00:00,103.594,105.2407,102.6049,103.6048,1222457.0
2023-01-01 05:00:00,104.1207,104.7408,101.7762,103.1196,1007599.0
2023-01-01 06:00:00,103.2511,107.5103,102.0117,106.3766,1423151.0
2023-01-01 07:00:00,106.2929,108.9069,106.007,108.0093,997676.0
2023-01-01 08:00:00,107.7795,108.1091,106.7372,106.9952,910732.0
2023-01-01 09:00:00,107.517,108.3999,107.2994,108.1562,1180370.0
2023-01-01 10:00:00,108.6429,109.3497,107.0745,107.1538,1059715.0
2023-01-01 11:00:00,107.6303,108.5453,104.9714,106.1557,959959.0
2023-01-01 12:00:00,105.8709,108.6673,104.5044,106.6694,1091487.0
2023-01-01 13:00:00,106.3821,106.6204,102.3006,102.5876,1257231.0
2023-01-01 14:00:00,102.4338,102.5328,97.4461,99.0485,1498497.0
2023-01-01 15:00:00,99.5387,99.8661,97.2006,97.9346,1215752.0
2023-01-01 16:00:00,97.5956,98.825,95.6183,95.9508,1092093.0
2023-01-01 17:00:00,96.04,97.285,95.9253,96.5539,1213833.0
2023-01-01 18:00:00,96.1962,96.9643,93.9865,94.8004,1326455.0
2023-01-01 19:00:00,94.9476,95.8442,91.9853,92.1227,1245842.0
2023-01-01 20:00:00,91.9014,95.5495,91.4188,94.823,1125548.0
2023-01-01 21:00:00,94.9968,95.0568,93.7277,94.3949,1043213.0
2023-01-01 22:00:00,94.4821,95.474,94.0809,94.5224,1084712.0
2023-01-01 23:00:00,94.3022,95.4196,90.8414,91.8289,1348330.0
2023-01-02 00:00:00,92.1662,93.3256,89.479,90.8291,1187865.0
2023-01-02 01:00:00,90.9368,92.0723,90.7176,91.0306,1174532.0
2023-01-02 02:00:00,90.6021,91.9547,88.7279,88.9351,1164246.0
2023-01-02 03:00:00,88.6334,90.7873,87.4421,89.6034,1078126.0
2023-01-02 04:00:00,89.4126,89.6937,88.0844,88.527,1172853.0
2023-01-02 05:00:00,88.6456,89.0715,87.3999,88.0105,901131.0
2023-01-02 06:00:00,88.0468,89.4387,86.4634,86.9514,1173390.0
2023-01-02 07:00:00,86.6058,91.7767,85.475,90.1726,1197590.0
2023-01-02 08:00:00,90.3603,90.4182,89.6489,90.1482,941052.0
2023-01-02 09:00:00,89.7387,90.8582,87.0116,88.2412,1399093.0
2023-01-02 10:00:00,87.9148,90.7977,87.8797,89.6929,973358.0
2023-01-02 11:00:00,89.6827,90.3636,86.9137,87.5028,1222529.0
2023-01-02 12:00:00,87.9378,88.279,87.5073,87.8684,907222.0
2023-01-02 13:00:00,88.0386,88.3675,84.3068,84.4245,1464133.0
2023-01-02 14:00:00,84.2331,85.4199,81.9979,82.1819,1238571.0
2023-01-02 15:00:00,82.1159,83.5145,81.4906,82.5055,949058.0
2023-01-02 16:00:00,82.4307,85.2032,82.0561,83.724,1032935.0
2023-01-02 17:00:00,83.851,84.1802,83.4547,84.011,1023557.0
2023-01-02 18:00:00,83.7468,85.238,82.4771,83.8166,1131498.0
2023-01-02 19:00:00,84.0354,84.9654,83.1187,83.3119,873231.0
2023-01-02 20:00:00,83.4091,84.659,80.1159,80.8483,1142627.0
2023-01-02 21:00:00,80.9983,81.238,79.5745,79.6844,1140606.0
2023-01-02 22:00:00,79.7497,79.8776,78.5748,78.9502,1016272.0
2023-01-02 23:00:00,78.5646,80.6885,78.1999,80.6194,1203399.0
2023-01-03 00:00:00,80.4514,81.9633,79.4826,81.1735,1180664.0
2023-01-03 01:00:00,81.1577,81.2053,78.2052,78.3112,1547273.0
2023-01-03 02:00:00,78.3103,79.1666,77.9177,78.8188,1088676.0
2023-01-03 03:00:00,78.682,78.8917,78.1764,78.2118,1017267.0
2023-01-03 04:00:00,77.8822,78.0522,77.0966,77.1529,1162400.0
2023-01-03 05:00:00,77.3848,78.3366,77.186,78.0968,964162.0
2023-01-03 06:00:00,78.2581,79.7438,77.1923,79.7071,1026988.0
2023-01-03 07:00:00,79.8737,82.1195,79.1254,81.1917,1306947.0
2023-01-03 08:00:00,81.4473,81.5132,79.1081,79.829,1186880.0
2023-01-03 09:00:00,79.7909,80.6772,78.6145,79.3353,1154478.0
2023-01-03 10:00:00,78.9865,79.9838,78.9081,79.8609,1214966.0
2023-01-03 11:00:00,80.2409,81.6464,80.1198,81.4191,1310988.0
2023-01-03 12:00:00,81.4176,82.0905,79.7758,80.6388,987216.0
2023-01-03 13:00:00,81.0217,82.0726,80.0196,80.3394,1109223.0
2023-01-03 14:00:00,79.9623,80.0877,78.3406,78.5617,1368575.0
2023-01-03 15:00:00,78.7524,79.2854,76.2602,76.6822,1187656.0
2023-01-03 16:00:00,76.3295,79.2671,75.4543,77.9283,1137951.0
2023-01-03 17:00:00,77.9179,81.1522,76.8035,80.0421,1239936.0
2023-01-03 18:00:00,80.116,80.785,79.7727,79.9268,1063588.0
2023-01-03 19:00:00,80.1131,81.6863,79.2831,81.531,1364319.0
2023-01-03 20:00:00,81.317,82.7346,81.2038,82.1207,1214081.0
2023-01-03 21:00:00,81.9131,82.7964,80.6141,81.0612,1134950.0
2023-01-03 22:00:00,81.1365,81.7858,80.8069,81.6471,1260044.0
2023-01-03 23:00:00,81.7751,84.4014,81.2139,84.1586,1159956.0
2023-01-04 00:00:00,84.1197,84.5079,83.9775,84.0983,875068.0
2023-01-04 01:00:00,83.9612,87.6499,83.4983,86.73,1212414.0
2023-01-04 02:00:00,86.9093,87.1163,81.9894,82.1858,1338617.0
2023-01-04 03:00:00,82.3204,84.1729,81.2053,83.5367,1286648.0
2023-01-04 04:00:00,83.8443,84.0822,83.5531,83.6822,925309.0
2023-01-04 05:00:00,83.7083,84.1674,83.1626,83.1817,908645.0
2023-01-04 06:00:00,83.5426,83.8538,82.8363,83.3344,834981.0
2023-01-04 07:00:00,83.7399,84.3239,80.0189,80.0217,1578238.0
2023-01-04 08:00:00,80.3161,80.8489,79.071,79.6702,1039473.0
2023-01-04 09:00:00,79.3831,80.2753,79.0164,80.2392,1153294.0
2023-01-04 10:00:00,80.3784,83.2541,80.3178,82.6109,1364619.0
2023-01-04 11:00:00,82.915,83.0862,81.0946,81.7546,1238900.0
2023-01-04 12:00:00,81.9044,82.685,79.48,80.4326,1309260.0
2023-01-04 13:00:00,80.0549,81.0654,78.881,79.6255,1170956.0
2023-01-04 14:00:00,79.752,81.3463,79.3243,81.0833,1025717.0
2023-01-04 15:00:00,81.4882,81.6749,80.3044,81.6164,1028513.0
2023-01-04 16:00:00,81.8469,82.6851,79.6746,80.7517,1257358.0
2023-01-04 17:00:00,80.612,82.1831,79.8916,81.5806,1207567.0
2023-01-04 18:00:00,81.528,82.8732,81.3618,81.739,1037211.0
2023-01-04 19:00:00,81.5956,83.4778,81.4312,83.3225,1271915.0
2023-01-04 20:00:00,83.2798,83.494,81.8205,82.1526,1031318.0
2023-01-04 21:00:00,82.2376,82.5727,81.3059,81.6142,1050930.0
2023-01-04 22:00:00,81.9107,82.3655,80.5591,80.9742,888678.0
2023-01-04 23:00:00,80.8772,81.2036,78.1426,78.604,1306144.0
2023-01-05 00:00:00,78.8122,79.9771,78.0131,79.0696,1241433.0
2023-01-05 01:00:00,78.8291,79.4856,78.5599,79.4824,1211423.0
2023-01-05 02:00:00,79.8218,79.8634,78.8478,79.4905,941671.0
2023-01-05 03:00:00,79.4793,79.6124,78.9706,79.1176,969833.0
2023-01-05 04:00:00,79.1486,79.5686,76.0782,76.878,
2023-01-05 05:00:00,76.8115,76.8966,76.1057,76.2312,
2023-01-05 06:00:00,76.2504,76.6678,75.6462,75.7087,
2023-01-05 07:00:00,76.0592,76.3846,73.9626,74.4939,
2023-01-05 08:00:00,74.5931,74.9941,74.0011,74.2536,
2023-01-05 09:00:00,74.0517,75.1435,73.2254,74.8536,
2023-01-05 10:00:00,75.153,78.1605,74.8398,77.6774,1489447.0
2023-01-05 11:00:00,77.928,78.2499,77.4535,77.9486,873129.0
2023-01-05 12:00:00,77.911,79.01,77.7231,78.3501,1146259.0
2023-01-05 13:00:00,78.1282,78.3678,78.095,78.2335,1071677.0
2023-01-05 14:00:00,78.27,78.5261,74.8164,75.2312,1421544.0
2023-01-05 15:00:00,75.5982,75.7266,74.5405,75.1913,967030.0
2023-01-05 16:00:00,75.3549,75.9509,74.4295,75.2819,863403.0
2023-01-05 17:00:00,75.4508,79.2904,75.3151,78.9907,1324416.0
2023-01-05 18:00:00,79.3021,79.3977,78.5268,78.6868,929134.0
2023-01-05 19:00:00,78.348,79.5856,78.2933,79.1613,1180452.0
2023-01-05 20:00:00,79.193,79.7858,78.6684,79.1064,1020125.0
2023-01-05 21:00:00,78.9743,79.4959,76.4997,77.2574,1298471.0
2023-01-05 22:00:00,77.4356,79.5146,77.3733,79.0232,1253483.0
2023-01-05 23:00:00,78.7666,81.2834,78.4601,80.2116,1164717.0
2023-01-06 00:00:00,80.1718,81.878,79.9921,81.4806,1224171.0
2023-01-06 01:00:00,81.8287,82.1538,79.4578,79.9987,1042843.0
2023-01-06 02:00:00,80.3403,83.1262,78.9949,82.2431,1288942.0
2023-01-06 03:00:00,81.9052,82.7931,79.7907,79.9372,1410797.0
2023-01-06 04:00:00,80.1041,80.9244,79.6978,80.8755,1022616.0
2023-01-06 05:00:00,80.542,85.2413,80.078,84.4186,1360300.0
2023-01-06 06:00:00,84.374,84.9292,82.2787,82.7462,1365864.0
2023-01-06 07:00:00,83.1534,84.0352,81.5965,81.809,1285497.0
2023-01-06 08:00:00,82.0687,82.2794,81.4866,81.972,1167152.0
2023-01-06 09:00:00,82.2097,82.6378,81.0344,81.1466,1061887.0
2023-01-06 10:00:00,81.3048,81.5187,78.0468,78.63,1366521.0
2023-01-06 11:00:00,78.3411,79.9145,77.0878,78.7378,1008537.0
2023-01-06 12:00:00,78.9463,79.1408,76.5191,77.0649,1171925.0
2023-01-06 13:00:00,76.9628,77.833,76.9485,77.7949,948785.0
2023-01-06 14:00:00,77.8334,79.2953,75.7221,76.3644,1108611.0
2023-01-06 15:00:00,76.3182,78.8363,75.7024,78.7316,1196402.0
2023-01-06 16:00:00,78.8499,79.0212,77.4303,77.4982,1268955.0
2023-01-06 17:00:00,77.1558,78.069,76.9461,76.999,1142426.0
2023-01-06 18:00:00,76.7982,78.4717,76.614,78.2518,1084013.0
2023-01-06 19:00:00,78.4022,78.434,76.0721,76.3255,1444851.0
2023-01-06 20:00:00,76.4134,77.0768,75.593,76.6727,1056308.0
2023-01-06 21:00:00,76.3896,79.4718,75.9982,78.6771,1139277.0
2023-01-06 22:00:00,78.6095,79.2937,75.5602,76.1477,1429218.0
2023-01-06 23:00:00,76.0839,76.6189,76.0763,76.4289,940852.0
2023-01-07 00:00:00,76.1515,77.5008,75.8827,76.8261,856824.0
2023-01-07 01:00:00,77.1917,78.5664,76.5533,78.0274,1151506.0
2023-01-07 02:00:00,78.0648,78.3006,75.6701,76.0971,1086623.0
2023-01-07 03:00:00,75.8308,76.1342,73.4142,74.0875,1254498.0
2023-01-07 04:00:00,74.0093,75.2267,73.3912,74.8608,1261222.0
2023-01-07 05:00:00,75.0756,75.7646,74.0769,75.3055,1034438.0
2023-01-07 06:00:00,75.5622,75.7084,74.9612,75.6828,1034689.0
2023-01-07 07:00:00,75.8034,77.2002,75.1008,76.2072,1114863.0
2023-01-07 08:00:00,76.2212,76.2899,74.8381,75.1707,1140893.0
2023-01-07 09:00:00,74.8262,75.6172,74.0113,75.5199,875284.0
2023-01-07 10:00:00,75.1514,76.4035,74.8151,75.9625,999915.0
2023-01-07 11:00:00,75.8483,76.4035,74.4094,74.8773,1016948.0
2023-01-07 12:00:00,74.5766,78.0617,74.1427,77.6713,1279173.0
2023-01-07 13:00:00,77.3468,78.8107,77.2253,78.4074,1202455.0
2023-01-07 14:00:00,78.3148,78.5463,76.4058,76.5393,1284265.0
2023-01-07 15:00:00,76.6494,78.2277,76.596,77.5443,1318706.0
2023-01-07 16:00:00,77.3836,78.6714,75.2556,76.0327,1227905.0
2023-01-07 17:00:00,76.2697,78.052,76.1113,77.2296,1092723.0
2023-01-07 18:00:00,77.0169,79.5756,76.3873,79.0191,1207481.0
2023-01-07 19:00:00,79.3692,79.6404,77.5881,77.7221,1043124.0
2023-01-07 20:00:00,77.8354,79.6342,76.673,79.2196,1337223.0
2023-01-07 21:00:00,79.5515,80.2302,78.4885,79.8737,1066771.0
2023-01-07 22:00:00,80.0562,82.2982,79.1301,81.1869,1035383.0
2023-01-07 23:00:00,81.5804,85.3075,81.534,84.2668,1245284.0
2023-01-08 00:00:00,84.4572,84.939,83.7283,83.8532,1051418.0
2023-01-08 01:00:00,84.0484,84.851,81.7305,82.5891,1154091.0
2023-01-08 02:00:00,82.6428,83.1816,80.4494,81.1199,1232419.0
2023-01-08 03:00:00,80.8442,81.4567,79.7841,79.7963,1061833.0
2023-01-08 04:00:00,80.1887,80.3152,79.1647,79.6732,1135448.0
2023-01-08 05:00:00,79.7171,80.6909,79.3213,80.2169,943440.0
2023-01-08 06:00:00,80.4445,81.1226,80.4402,80.6608,1159734.0
2023-01-08 07:00:00,80.859,82.087,80.4306,81.9952,1112612.0
2023-01-08 08:00:00,81.7073,82.2647,80.9979,82.0165,1201134.0
2023-01-08 09:00:00,81.9744,85.0422,81.2098,84.4008,1327924.0
2023-01-08 10:00:00,84.3271,84.9648,83.9511,83.954,1100767.0
2023-01-08 11:00:00,84.201,88.6065,83.6893,88.5214,1536422.0
2023-01-08 12:00:00,88.1362,90.3899,87.412,89.6291,1149397.0
2023-01-08 13:00:00,89.7873,90.8029,87.7586,88.0926,1301451.0
2023-01-08 14:00:00,87.72,87.7841,85.8464,86.2058,1328137.0
2023-01-08 15:00:00,86.4546,87.7407,85.8603,87.0377,955475.0
2023-01-08 16:00:00,86.9803,87.0567,86.459,86.6487,1083982.0
2023-01-08 17:00:00,87.0805,89.201,86.1833,87.886,1111299.0
2023-01-08 18:00:00,88.137,88.8705,87.6117,88.7179,1230568.0
2023-01-08 19:00:00,88.7817,89.343,88.4128,88.5886,959459.0
2023-01-08 20:00:00,88.1689,88.1902,86.3627,87.0883,1078587.0
2023-01-08 21:00:00,86.913,87.9572,84.1701,84.4498,1274832.0
2023-01-08 22:00:00,84.7386,85.0239,82.4803,83.6956,1072577.0
2023-01-08 23:00:00,83.3888,85.2132,82.6456,85.1292,1169864.0
2023-01-09 00:00:00,85.3246,86.2498,85.1679,85.4937,1086908.0
2023-01-09 01:00:00,85.7086,86.1045,82.803,83.3636,1076730.0
2023-01-09 02:00:00,83.182,83.7806,83.0617,83.6524,1197138.0
2023-01-09 03:00:00,83.4616,84.8567,83.1334,84.297,1187747.0
2023-01-09 04:00:00,84.2865,84.3035,82.7759,82.8069,1339346.0
2023-01-09 05:00:00,82.8337,83.3035,82.6298,83.0615,1190678.0
2023-01-09 06:00:00,83.1975,83.6245,82.91,83.1582,1186370.0
2023-01-09 07:00:00,83.0907,83.2157,80.9138,81.2572,1421112.0
2023-01-09 08:00:00,81.3825,,80.9754,81.8387,1057130.0
2023-01-09 09:00:00,81.9275,,81.7445,82.7566,972655.0
2023-01-09 10:00:00,82.5505,,82.1623,84.5492,1225966.0
2023-01-09 11:00:00,84.8537,86.7505,84.8151,86.3311,1293894.0
2023-01-09 12:00:00,85.97,86.4882,83.4172,83.9524,1141843.0
2023-01-09 13:00:00,84.2462,85.3276,81.6471,82.3777,1152271.0
2023-01-09 14:00:00,82.4151,83.3028,81.7915,83.2263,1225568.0
2023-01-09 15:00:00,82.8534,84.8675,82.6551,84.0815,1006205.0
2023-01-09 16:00:00,83.9387,85.4279,83.613,84.9476,984962.0
2023-01-09 17:00:00,85.27,92.9403,84.9001,91.4932,1751042.0
2023-01-09 18:00:00,91.7421,92.5876,91.6238,92.5379,1099750.0
2023-01-09 19:00:00,92.5737,95.5176,92.3917,94.6395,1289825.0
2023-01-09 20:00:00,94.5263,97.7417,92.9462,96.4453,1072306.0
2023-01-09 21:00:00,96.24,98.6971,95.5257,97.7017,1184111.0
2023-01-09 22:00:00,97.6001,99.1156,96.2076,97.0857,926235.0
2023-01-09 23:00:00,97.3704,99.0414,96.0819,98.5594,1314251.0
2023-01-10 00:00:00,99.036,99.1635,96.8566,97.036,1028254.0
2023-01-10 01:00:00,97.1857,97.4579,95.7935,96.5764,1093482.0
2023-01-10 02:00:00,96.9457,97.4328,95.3368,95.6389,1283923.0
2023-01-10 03:00:00,96.1019,96.8251,95.1105,95.7955,882756.0
2023-01-10 04:00:00,95.726,100.5266,95.704,100.2302,1486833.0
2023-01-10 05:00:00,100.4501,101.6046,96.3882,96.4871,1466051.0
2023-01-10 06:00:00,96.8327,98.4372,96.4237,97.8114,1221349.0
2023-01-10 07:00:00,97.7832,98.5637,94.2342,94.6565,1265662.0
2023-01-10 08:00:00,94.9672,95.3624,93.5609,93.7631,1179191.0
2023-01-10 09:00:00,93.3886,96.2048,93.1581,95.8052,1156966.0
2023-01-10 10:00:00,96.0436,96.7787,95.2281,95.9283,953805.0
2023-01-10 11:00:00,95.9008,97.5554,92.8118,93.8606,1066054.0
2023-01-10 12:00:00,93.6964,94.6702,92.4203,92.5178,1013013.0
2023-01-10 13:00:00,92.2654,95.1754,91.8058,93.7753,1193072.0
2023-01-10 14:00:00,93.7872,94.2285,92.1027,92.4055,959349.0
2023-01-10 15:00:00,92.547,93.638,91.7763,92.8056,1149717.0
2023-01-10 16:00:00,92.9587,93.3659,91.4722,92.8902,1077407.0
2023-01-10 17:00:00,92.5288,93.0834,91.1138,91.6796,1276145.0
2023-01-10 18:00:00,91.57,96.8435,91.4361,95.6107,1397808.0
2023-01-10 19:00:00,95.8401,97.3234,95.689,96.8229,1270120.0
2023-01-10 20:00:00,97.2206,97.9084,92.1997,92.9013,1212231.0
2023-01-10 21:00:00,93.1119,93.8003,91.6104,93.2478,949899.0
2023-01-10 22:00:00,92.8865,94.069,91.1135,92.0136,970971.0
2023-01-10 23:00:00,91.5649,93.9608,91.3269,93.5823,1209829.0
2023-01-11 00:00:00,93.3951,94.0516,92.057,92.0989,1319662.0
2023-01-11 01:00:00,92.2534,93.2267,90.4295,91.8876,897079.0
2023-01-11 02:00:00,91.6482,93.2718,91.6286,92.8156,1134120.0
2023-01-11 03:00:00,93.1457,95.4041,93.0276,94.4228,1305700.0
2023-01-11 04:00:00,94.0592,94.1827,90.9837,92.1561,1307739.0
2023-01-11 05:00:00,92.5054,93.4278,90.7135,91.5395,1039071.0
2023-01-11 06:00:00,91.4796,92.1702,90.1377,90.67,1251998.0
2023-01-11 07:00:00,90.7671,91.4347,88.8684,89.4853,1211719.0
2023-01-11 08:00:00,89.4964,92.7276,89.2017,92.6449,1348157.0
2023-01-11 09:00:00,93.0623,94.2246,92.0393,93.3953,1083502.0
2023-01-11 10:00:00,92.9946,93.3379,90.562,91.0401,1241174.0
2023-01-11 11:00:00,90.7124,92.8572,90.2114,92.7113,1116111.0
2023-01-11 12:00:00,92.4295,97.3682,92.1122,96.6463,1307228.0
2023-01-11 13:00:00,96.1684,98.6516,95.8998,98.642,1021181.0
2023-01-11 14:00:00,98.483,99.0063,95.2823,95.6445,1308941.0
2023-01-11 15:00:00,96.0574,96.416,94.6406,94.7182,1143673.0
2023-01-11 16:00:00,94.5716,97.4487,94.017,97.1182,1250800.0
2023-01-11 17:00:00,97.5968,97.7962,95.335,95.7436,1099364.0
2023-01-11 18:00:00,95.6584,97.5866,94.8847,96.5935,1131925.0
2023-01-11 19:00:00,96.9063,98.9931,96.1391,98.09,955552.0
2023-01-11 20:00:00,97.6497,98.0156,96.1882,96.2715,1226904.0
2023-01-11 21:00:00,95.9004,96.7216,95.231,96.1569,959526.0
2023-01-11 22:00:00,96.079,96.5708,89.88,89.9235,1480325.0
2023-01-11 23:00:00,90.3207,90.944,87.4642,88.0812,1149645.0
2023-01-12 00:00:00,87.6497,88.425,86.5233,87.6363,1095543.0
2023-01-12 01:00:00,87.8326,88.0243,84.053,85.4492,1076134.0
2023-01-12 02:00:00,85.1434,88.2524,84.6759,88.239,1244498.0
2023-01-12 03:00:00,88.3071,88.3546,85.5855,85.7151,1309485.0
2023-01-12 04:00:00,85.9115,86.4802,84.2317,84.9607,1165006.0
2023-01-12 05:00:00,85.1077,85.4515,84.8092,85.1829,1141742.0
2023-01-12 06:00:00,85.4371,88.4814,84.5801,87.6383,1454908.0
2023-01-12 07:00:00,87.4796,88.0635,84.7594,85.1216,1327602.0
2023-01-12 08:00:00,85.282,87.6102,85.0602,87.1018,1204844.0
2023-01-12 09:00:00,87.4416,87.6575,87.0236,87.1196,812225.0
2023-01-12 10:00:00,87.2389,87.6753,85.3195,85.4095,1160153.0
2023-01-12 11:00:00,85.5608,86.7037,85.2592,86.1988,979577.0
2023-01-12 12:00:00,86.1591,87.7226,85.9191,86.542,1034047.0
2023-01-12 13:00:00,86.5467,86.9983,85.3253,85.5031,935641.0
2023-01-12 14:00:00,85.4073,85.6974,85.3964,85.6225,1116445.0
2023-01-12 15:00:00,85.442,86.3555,84.8455,84.9627,1259430.0
2023-01-12 16:00:00,85.2927,85.792,84.472,85.1556,1216308.0
2023-01-12 17:00:00,85.5483,86.5966,85.2407,86.2832,1068580.0
2023-01-12 18:00:00,85.9848,89.6669,85.3736,89.0202,1421964.0
2023-01-12 19:00:00,88.9672,89.438,86.4222,86.8164,1125412.0
2023-01-12 20:00:00,86.6796,90.6635,86.1883,90.52,1449690.0
2023-01-12 21:00:00,90.5928,90.7216,86.5916,86.9859,1440911.0
2023-01-12 22:00:00,86.9005,87.9657,85.7803,86.7219,1079719.0
2023-01-12 23:00:00,86.8265,87.9815,86.362,87.7423,933447.0
2023-01-13 00:00:00,87.7801,88.4792,86.7533,88.2354,1219980.0
2023-01-13 01:00:00,88.2649,89.4806,86.9562,87.1365,1240743.0
2023-01-13 02:00:00,87.3929,87.5585,86.2507,86.7738,1219241.0
2023-01-13 03:00:00,86.7414,87.3568,85.6178,85.9182,1244019.0
2023-01-13 04:00:00,85.8111,86.1503,84.6668,84.9055,1222592.0
2023-01-13 05:00:00,84.9151,86.8072,84.3858,86.3482,1316151.0
2023-01-13 06:00:00,86.2684,88.3832,84.9684,86.9647,1100814.0
2023-01-13 07:00:00,86.7042,86.8874,84.3431,85.7596,1114241.0
2023-01-13 08:00:00,86.0967,87.3991,84.75,87.3025,1159247.0
2023-01-13 09:00:00,87.413,88.869,87.3919,87.8391,1052197.0
2023-01-13 10:00:00,88.0347,90.2139,87.8535,89.2671,1082330.0
2023-01-13 11:00:00,89.5389,90.6528,89.343,90.3912,1308904.0
2023-01-13 12:00:00,90.8412,91.1568,88.5145,88.8925,1083646.0
2023-01-13 13:00:00,89.1039,89.4915,87.5572,87.8966,969176.0
2023-01-13 14:00:00,88.133,90.168,87.0323,89.2103,1287827.0
2023-01-13 15:00:00,88.8433,90.9248,88.7453,90.2993,1085091.0
2023-01-13 16:00:00,89.9074,90.6113,89.7966,90.2616,1127474.0
2023-01-13 17:00:00,89.8756,92.1338,88.9731,90.4734,943291.0
2023-01-13 18:00:00,90.474,93.2389,90.0803,92.7853,1075623.0
2023-01-13 19:00:00,92.6952,92.862,91.5577,91.6875,1030716.0
2023-01-13 20:00:00,92.081,93.3311,90.6583,92.6908,1038017.0
2023-01-13 21:00:00,92.4369,93.156,91.2182,92.3159,1081835.0
2023-01-13 22:00:00,92.4524,92.5702,91.0672,91.914,1044769.0
2023-01-13 23:00:00,91.9929,94.6229,91.9154,93.9339,1292802.0
2023-01-14 00:00:00,94.1349,96.1623,93.4818,95.4846,1186083.0
2023-01-14 01:00:00,95.1436,98.0014,94.813,97.0381,1161380.0
2023-01-14 02:00:00,96.6828,100.1525,96.6341,99.5717,1360553.0
2023-01-14 03:00:00,99.074,100.1107,99.0287,99.6136,914668.0
2023-01-14 04:00:00,99.178,102.2947,99.1721,100.9722,1035120.0
2023-01-14 05:00:00,100.7867,100.9522,99.7632,100.3456,970210.0
2023-01-14 06:00:00,100.1583,102.4018,98.5825,100.9962,1038360.0
2023-01-14 07:00:00,100.8723,102.6859,100.5656,100.7333,1100836.0
2023-01-14 08:00:00,100.6201,101.7211,99.7414,100.9287,821144.0
2023-01-14 09:00:00,101.1437,102.6408,100.4105,102.1301,1223446.0
2023-01-14 10:00:00,102.337,102.9245,100.2549,100.4588,1276373.0
2023-01-14 11:00:00,100.0049,105.2153,98.602,104.6628,1418637.0
2023-01-14 12:00:00,104.6185,104.8696,102.1224,102.5569,1149128.0
2023-01-14 13:00:00,102.8313,103.0791,99.5905,100.0665,1382976.0
2023-01-14 14:00:00,100.224,102.7798,99.5024,102.3842,1117918.0
2023-01-14 15:00:00,102.4945,104.4711,102.2822,104.0053,1218988.0
2023-01-14 16:00:00,103.8135,106.3954,103.154,105.3035,1210106.0
2023-01-14 17:00:00,105.7144,106.8717,105.4038,106.6269,948905.0
2023-01-14 18:00:00,106.6438,106.8342,106.0065,106.6008,808326.0
2023-01-14 19:00:00,106.4274,106.4494,104.5487,104.6878,1144907.0
2023-01-14 20:00:00,104.5876,105.5364,103.8162,104.8465,819130.0
2023-01-14 21:00:00,105.3325,105.9864,102.5884,103.4266,1060177.0
2023-01-14 22:00:00,103.7089,106.3566,102.0276,105.4436,1045244.0
2023-01-14 23:00:00,105.7285,106.1769,105.0671,105.1335,935644.0
2023-01-15 00:00:00,104.9162,105.3431,103.1159,103.3978,1104337.0
2023-01-15 01:00:00,102.8822,103.2084,102.0308,102.7331,1253954.0
2023-01-15 02:00:00,102.2437,105.2295,100.8258,103.5816,1194736.0
2023-01-15 03:00:00,103.476,103.848,102.3339,102.4137,1004039.0
2023-01-15 04:00:00,102.3974,103.0632,100.3144,100.7296,987581.0
2023-01-15 05:00:00,101.1756,102.7598,99.2331,101.2205,1066530.0
2023-01-15 06:00:00,100.7909,102.4396,100.3493,101.7165,927326.0
2023-01-15 07:00:00,101.841,102.4069,100.2711,100.6852,960173.0
2023-01-15 08:00:00,100.8221,101.4939,98.5824,99.7366,998169.0
2023-01-15 09:00:00,100.153,100.4958,99.6739,100.1995,1202466.0
2023-01-15 10:00:00,99.7608,99.9903,97.2857,97.2976,1341985.0
2023-01-15 11:00:00,96.9418,98.0297,93.972,94.5587,1178250.0
2023-01-15 12:00:00,94.7285,94.8189,92.8797,93.2,1266475.0
2023-01-15 13:00:00,93.2434,93.7235,92.7537,92.8021,908989.0
2023-01-15 14:00:00,92.5322,93.4337,91.6202,93.3792,1254658.0
2023-01-15 15:00:00,93.7096,96.5276,92.1885,96.1346,1173841.0
2023-01-15 16:00:00,96.6103,99.1248,94.7836,97.7836,1199347.0
2023-01-15 17:00:00,97.722,98.2378,97.4074,97.4708,1080925.0
2023-01-15 18:00:00,97.1687,98.9564,95.4293,97.4337,1181283.0
2023-01-15 19:00:00,97.4546,99.3025,94.0772,95.4801,1065174.0
2023-01-15 20:00:00,95.6886,95.9762,94.7016,95.4448,1070342.0
2023-01-15 21:00:00,95.5069,96.0553,94.5415,94.8937,862572.0
2023-01-15 22:00:00,94.758,95.9605,94.6467,95.5062,1118289.0
2023-01-15 23:00:00,95.3359,96.0094,93.3558,93.9261,1003605.0
2023-01-16 00:00:00,93.4839,95.4234,92.776,94.9017,951270.0
2023-01-16 01:00:00,94.8047,98.6503,93.9259,97.8109,1124512.0
2023-01-16 02:00:00,97.6854,98.3147,96.3897,97.5981,1189122.0
2023-01-16 03:00:00,97.6734,99.0591,96.1915,98.3823,980742.0
2023-01-16 04:00:00,98.2432,100.6218,97.9252,99.7402,1014665.0
2023-01-16 05:00:00,99.343,100.2867,98.5296,98.9399,895816.0
2023-01-16 06:00:00,98.6186,99.8606,98.4642,99.3833,1225002.0
2023-01-16 07:00:00,99.3203,100.1998,98.616,99.4083,1106028.0
2023-01-16 08:00:00,99.2622,100.4252,98.3944,99.6025,1176558.0
2023-01-16 09:00:00,99.8818,100.419,97.5117,98.0626,1036474.0
2023-01-16 10:00:00,97.7548,98.5618,96.5958,98.1107,887732.0
2023-01-16 11:00:00,97.6879,99.6535,97.3874,99.0879,1063364.0
2023-01-16 12:00:00,99.4207,102.5451,98.2371,101.9637,1398677.0
2023-01-16 13:00:00,101.6085,105.2689,100.7967,103.9199,1104843.0
2023-01-16 14:00:00,103.4393,108.5528,102.5383,108.3951,1230641.0
2023-01-16 15:00:00,108.4195,108.4861,105.5633,106.7316,1043919.0
2023-01-16 16:00:00,106.5223,108.8329,106.5208,108.5937,1266202.0
2023-01-16 17:00:00,108.2943,110.4012,106.7274,108.9918,1176038.0
2023-01-16 18:00:00,108.777,114.1849,107.898,113.7653,1564672.0
2023-01-16 19:00:00,113.6185,114.41,111.2287,111.9261,1355603.0
2023-01-16 20:00:00,111.8066,112.8839,108.8597,110.0464,999326.0
2023-01-16 21:00:00,110.2768,110.5197,107.6096,108.7272,1153387.0
2023-01-16 22:00:00,108.2297,108.7834,102.901,104.1087,1343403.0
2023-01-16 23:00:00,104.3783,104.5465,102.182,103.014,1108707.0
2023-01-17 00:00:00,103.46,104.3623,100.7045,101.4499,1237557.0
2023-01-17 01:00:00,101.877,102.7209,100.8705,101.7551,1174755.0
2023-01-17 02:00:00,102.0676,102.6328,101.7464,102.4506,1002595.0
2023-01-17 03:00:00,102.8159,107.7615,101.3449,106.2949,1400063.0
2023-01-17 04:00:00,106.2909,109.107,105.9581,108.3154,1304567.0
2023-01-17 05:00:00,108.1901,108.2338,105.6269,107.0656,919947.0
2023-01-17 06:00:00,107.5691,108.3014,104.7575,105.1419,1261631.0
2023-01-17 07:00:00,105.1907,107.9482,105.0969,106.1763,1100302.0
2023-01-17 08:00:00,106.5613,106.8627,102.068,103.3727,1285129.0
2023-01-17 09:00:00,102.992,108.1744,102.8147,107.1592,1290206.0
2023-01-17 10:00:00,107.5572,110.3769,106.756,109.6869,1136075.0
2023-01-17 11:00:00,109.7656,111.0795,107.2426,108.6577,898697.0
2023-01-17 12:00:00,108.1707,109.0678,104.4787,104.9348,1265337.0
2023-01-17 13:00:00,105.0621,108.1468,104.2696,107.7762,1232585.0
2023-01-17 14:00:00,108.082,108.2681,107.2489,107.5293,1097085.0
2023-01-17 15:00:00,107.0525,110.6028,106.0428,110.1913,1304257.0
2023-01-17 16:00:00,110.3371,110.668,106.0048,1066.7749999999999,1419261.0
2023-01-17 17:00:00,106.4405,106.6323,105.1017,105.3987,1312022.0
2023-01-17 18:00:00,105.4184,105.5321,104.7945,105.4097,846370.0
2023-01-17 19:00:00,105.6605,106.4834,105.0157,105.5088,948005.0
2023-01-17 20:00:00,105.2601,105.4971,104.0053,104.559,997426.0
2023-01-17 21:00:00,104.7229,106.8163,104.1343,105.8615,955361.0
2023-01-17 22:00:00,106.3394,106.5333,103.5426,103.6011,1253141.0
2023-01-17 23:00:00,103.755,104.1532,103.2837,103.3061,1214482.0
2023-01-18 00:00:00,103.4879,104.1959,102.9347,103.5547,949222.0
2023-01-18 01:00:00,103.6558,105.4416,102.7661,104.6201,945250.0
2023-01-18 02:00:00,105.0854,106.6814,104.4059,106.1091,1023376.0
2023-01-18 03:00:00,106.3225,107.3214,103.1376,103.7224,1031086.0
2023-01-18 04:00:00,103.4663,104.1066,99.2168,100.54,1266436.0
2023-01-18 05:00:00,100.2269,104.3292,98.5037,103.1091,1096292.0
2023-01-18 06:00:00,103.0406,103.8437,102.6454,103.7944,1232282.0
2023-01-18 07:00:00,103.544,104.0617,101.3893,102.2406,953318.0
2023-01-18 08:00:00,102.3564,106.3429,102.0135,105.4124,1395851.0
2023-01-18 09:00:00,105.0954,106.247,104.6008,105.6563,828633.0
2023-01-18 10:00:00,105.3546,108.4039,105.127,108.1483,1060869.0
2023-01-18 11:00:00,108.4,109.1816,107.4284,108.2944,845963.0
2023-01-18 12:00:00,108.661,114.5073,106.9375,112.7577,1585233.0
2023-01-18 13:00:00,112.4197,117.6639,111.3204,116.7163,1446235.0
2023-01-18 14:00:00,116.2126,116.7656,114.764,116.1351,1083572.0
2023-01-18 15:00:00,115.8667,118.9621,114.5102,118.3918,1260899.0
2023-01-18 16:00:00,118.3377,121.1905,117.8436,119.9199,1211259.0
2023-01-18 17:00:00,119.851,124.1156,118.5702,123.2025,1099328.0
2023-01-18 18:00:00,122.9467,123.8948,120.7788,120.8248,1113403.0
2023-01-18 19:00:00,120.2886,123.2369,118.8901,122.4827,979367.0
2023-01-18 20:00:00,122.3721,126.4248,121.8477,125.0754,1075481.0
2023-01-18 21:00:00,124.5382,124.7094,120.0822,120.6759,1504424.0
2023-01-18 22:00:00,120.8993,121.1291,117.2337,117.8201,1160574.0
2023-01-18 23:00:00,117.8378,118.3899,112.662,113.0149,1349362.0
2023-01-19 00:00:00,113.3418,113.9499,110.6158,112.4059,1235007.0
2023-01-19 01:00:00,112.2423,114.5899,111.1964,114.0191,1294036.0
2023-01-19 02:00:00,113.8968,117.8699,113.5221,117.445,1178016.0
2023-01-19 03:00:00,117.6528,119.4157,115.8128,117.619,1114161.0
2023-01-19 04:00:00,117.749,121.6759,116.8298,121.4502,1197424.0
2023-01-19 05:00:00,121.1218,121.3412,117.7971,118.0979,1076817.0
2023-01-19 06:00:00,118.3724,119.3343,113.7841,114.0746,1174098.0
2023-01-19 07:00:00,113.6933,114.4845,113.5481,113.9478,952818.0
2023-01-19 08:00:00,113.6314,115.2154,113.177,114.8231,974954.0
2023-01-19 09:00:00,114.698,114.9057,114.5503,114.748,1190484.0
2023-01-19 10:00:00,114.8133,115.4932,109.3312,110.0033,1429850.0
2023-01-19 11:00:00,110.2257,110.518,108.959,109.8073,982607.0
2023-01-19 12:00:00,109.9516,111.0089,106.7196,106.9425,1303149.0
2023-01-19 13:00:00,106.7684,108.4794,106.269,108.3748,1016435.0
2023-01-19 14:00:00,108.8036,109.412,108.2026,109.1694,1041028.0
2023-01-19 15:00:00,109.489,109.5289,106.8495,107.1173,1212247.0
2023-01-19 16:00:00,107.3194,107.7115,106.0011,106.0164,1192150.0
2023-01-19 17:00:00,106.3727,107.5116,102.6298,103.7705,1205880.0
2023-01-19 18:00:00,104.0731,104.5429,103.4502,103.6404,1154525.0
2023-01-19 19:00:00,103.6055,105.7661,102.8726,105.6203,1312443.0
2023-01-19 20:00:00,105.3071,105.4378,101.8551,103.538,1152907.0
2023-01-19 21:00:00,104.0226,104.6731,103.1374,104.5818,930451.0
2023-01-19 22:00:00,104.8995,105.383,102.3756,103.4727,1129675.0
2023-01-19 23:00:00,103.1831,103.5382,101.4594,101.8318,986060.0
2023-01-20 00:00:00,101.7954,102.5711,100.9103,101.6139,1104912.0
2023-01-20 01:00:00,101.327,101.6707,99.2631,99.51,1009173.0
2023-01-20 02:00:00,99.7815,100.7154,98.2965,98.4081,1217335.0
2023-01-20 03:00:00,98.6856,99.7061,94.9895,96.0505,1246778.0
2023-01-20 04:00:00,96.2149,100.2648,95.7075,99.8247,1260897.0
2023-01-20 05:00:00,100.2144,100.81,99.1761,99.8951,1110538.0
2023-01-20 06:00:00,100.0491,101.2907,97.7014,98.4971,1192901.0
2023-01-20 07:00:00,98.4714,99.4393,98.2754,98.9187,923697.0
2023-01-20 08:00:00,98.663,98.9023,98.2561,98.6964,1185601.0
2023-01-20 09:00:00,98.3884,98.4839,97.398,98.2603,997313.0
2023-01-20 10:00:00,98.417,100.8396,97.9533,99.4672,1199776.0
2023-01-20 11:00:00,99.9039,101.55,99.6134,100.9742,1059306.0
2023-01-20 12:00:00,101.1707,101.3447,99.4351,99.9028,1011954.0
2023-01-20 13:00:00,100.2174,101.3815,97.6306,98.7523,990252.0
2023-01-20 14:00:00,98.9488,99.1793,97.9405,98.2091,867469.0
2023-01-20 15:00:00,97.7511,98.5155,93.4849,93.6877,1483319.0
2023-01-20 16:00:00,93.844,94.0133,90.393,90.8486,1458285.0
2023-01-20 17:00:00,91.2129,94.2507,90.4691,93.3322,1411323.0
2023-01-20 18:00:00,93.4038,96.4594,93.3263,96.4027,1528550.0
2023-01-20 19:00:00,96.642,97.4137,95.1078,95.9226,1248858.0
2023-01-20 20:00:00,95.4817,97.3727,95.3746,97.0287,924281.0
2023-01-20 21:00:00,97.304,98.2079,96.9873,97.6327,1123986.0
2023-01-20 22:00:00,97.1586,104.3165,96.6447,103.6447,1720697.0
2023-01-20 23:00:00,103.9941,106.332,103.6669,105.9654,1273760.0
2023-01-21 00:00:00,106.0575,107.1645,103.8131,105.6943,1128275.0
2023-01-21 01:00:00,105.9135,106.3931,103.3984,103.6744,1229848.0
2023-01-21 02:00:00,104.1193,104.7929,99.3415,100.3435,1205943.0
2023-01-21 03:00:00,100.8263,102.1317,99.1362,100.7518,1126732.0
2023-01-21 04:00:00,100.3018,100.9357,98.2972,99.2277,1222282.0
2023-01-21 05:00:00,99.666,99.8427,95.894,96.4052,1360804.0
2023-01-21 06:00:00,96.5485,96.9593,94.9288,95.1585,1183690.0
2023-01-21 07:00:00,94.8534,95.7891,92.5073,93.1002,1283413.0
2023-01-21 08:00:00,92.7927,96.274,91.5232,96.2416,1381307.0
2023-01-21 09:00:00,96.567,99.1569,95.1293,97.9386,1190701.0
2023-01-21 10:00:00,97.8425,98.1085,97.1519,97.923,912399.0
2023-01-21 11:00:00,98.0045,101.9463,97.3498,100.8214,1116784.0
2023-01-21 12:00:00,100.7441,101.0242,100.4093,100.9774,1167862.0
2023-01-21 13:00:00,101.138,101.5278,97.6756,99.238,1326694.0
2023-01-21 14:00:00,99.4736,102.494,98.8389,102.2611,1503519.0
2023-01-21 15:00:00,102.6675,103.714,102.1228,103.3633,1093785.0
2023-01-21 16:00:00,102.911,103.5221,101.0989,101.219,1397586.0
2023-01-21 17:00:00,101.5758,103.2198,100.6856,100.8337,992306.0
2023-01-21 18:00:00,100.5421,100.682,98.786,99.0678,1082548.0
2023-01-21 19:00:00,98.7384,98.8331,95.7174,96.328,1380276.0
2023-01-21 20:00:00,96.27,98.6454,94.7701,98.1124,111573700.0
2023-01-21 21:00:00,97.85,101.9845,97.6118,101.8591,1324011.0
2023-01-21 22:00:00,101.4135,101.7361,97.7996,99.01,1138482.0
2023-01-21 23:00:00,99.371,100.282,99.2877,100.1248,1106409.0
2023-01-22 00:00:00,100.1883,100.9563,98.6926,98.8218,1162408.0
2023-01-22 01:00:00,98.4701,99.2432,97.5221,97.8591,1092558.0
2023-01-22 02:00:00,97.8195,98.0064,96.2039,96.6997,941270.0
2023-01-22 03:00:00,96.6595,97.4499,94.4132,95.0287,1239683.0
2023-01-22 04:00:00,95.3729,95.8715,94.2685,95.1209,1145747.0
2023-01-22 05:00:00,95.4914,96.1952,93.1779,93.5401,1161947.0
2023-01-22 06:00:00,93.5331,94.7788,92.2689,94.0461,998652.0
2023-01-22 07:00:00,93.9585,94.5104,93.1882,93.9516,1115026.0
2023-01-22 08:00:00,93.6664,94.2804,93.3895,93.5026,1074880.0
2023-01-22 09:00:00,93.4929,94.3181,91.5166,91.8054,1202577.0
2023-01-22 10:00:00,91.9538,92.0912,90.1982,90.7464,989462.0
2023-01-22 11:00:00,90.4911,92.272,89.8052,92.1174,1065361.0
2023-01-22 12:00:00,92.5503,94.0451,92.3001,93.0402,1050002.0
2023-01-22 13:00:00,92.9168,93.054,90.3595,91.2212,1333559.0
2023-01-22 14:00:00,90.9248,92.444,90.5852,91.4024,907149.0
2023-01-22 15:00:00,91.1736,93.2183,91.1725,92.776,1298545.0
2023-01-22 16:00:00,92.8941,94.0712,89.4481,89.6784,1317210.0
2023-01-22 17:00:00,89.3141,91.1054,88.4697,90.6529,924695.0
2023-01-22 18:00:00,90.3878,90.5895,88.69,89.4515,1119752.0
2023-01-22 19:00:00,89.6846,90.64,89.1604,90.4724,1086113.0
2023-01-22 20:00:00,90.9244,91.9006,88.5967,89.0913,1283673.0
2023-01-22 21:00:00,88.673,88.8101,85.6543,85.8753,1365208.0
2023-01-22 22:00:00,86.2279,86.8534,82.4875,83.08,1145605.0
2023-01-22 23:00:00,83.1225,83.3612,82.7372,83.1599,873888.0
2023-01-23 00:00:00,83.1175,83.6986,83.0954,83.5919,1141783.0
2023-01-23 01:00:00,83.6824,83.8394,81.9849,82.08,1132763.0
2023-01-23 02:00:00,81.9914,84.1906,81.8163,83.1283,1236827.0
2023-01-23 03:00:00,83.2758,83.6788,79.7272,80.3659,1287233.0
2023-01-23 04:00:00,79.9795,80.6574,79.728,80.2597,1123313.0
2023-01-23 05:00:00,80.1354,80.1559,77.6745,78.3158,1309350.0
2023-01-23 06:00:00,78.1321,79.0398,76.2985,77.2948,1057387.0
2023-01-23 07:00:00,77.6404,78.8579,76.3548,77.3681,920465.0
2023-01-23 08:00:00,77.7266,77.734,75.5345,76.0367,1254581.0
2023-01-23 09:00:00,76.4094,76.7511,75.0841,75.4519,908486.0
2023-01-23 10:00:00,75.2716,77.2781,74.5403,76.9704,1375452.0
2023-01-23 11:00:00,76.8723,77.4281,76.0457,76.0824,952322.0
2023-01-23 12:00:00,76.1548,77.4406,75.6062,77.354,1145824.0
2023-01-23 13:00:00,77.158,77.6131,74.9795,75.6062,1326412.0
2023-01-23 14:00:00,75.6651,77.5343,74.6565,76.4074,1208780.0
2023-01-23 15:00:00,76.0306,78.7077,75.7363,78.6103,1252792.0
2023-01-23 16:00:00,78.9126,79.6926,73.9746,74.7244,1419880.0
2023-01-23 17:00:00,74.5538,74.7721,73.3248,73.5334,1096222.0
2023-01-23 18:00:00,73.7768,74.4842,73.156,74.3821,1127996.0
2023-01-23 19:00:00,74.3768,74.5847,73.6685,74.08,1014146.0
2023-01-23 20:00:00,73.796,74.9345,73.2988,74.6299,1011812.0
2023-01-23 21:00:00,74.7483,75.8621,72.7603,73.7284,1147439.0
2023-01-23 22:00:00,74.0221,74.4614,73.4976,73.8561,821642.0
2023-01-23 23:00:00,74.0784,74.213,72.8872,73.6262,1016728.0
2023-01-24 00:00:00,73.98,75.4554,73.9463,75.3457,1271495.0
2023-01-24 01:00:00,74.9934,76.5314,74.3514,75.7291,892190.0
2023-01-24 02:00:00,75.7806,76.4119,75.241,76.2405,1195016.0
2023-01-24 03:00:00,76.0573,77.5142,74.9683,75.6124,1021382.0
2023-01-24 04:00:00,75.2742,75.574,74.6777,74.875,988129.0
2023-01-24 05:00:00,74.69,75.303,73.8484,74.2273,1215932.0
2023-01-24 06:00:00,74.2105,75.2672,73.7447,74.8129,1201176.0
2023-01-24 07:00:00,74.5952,74.6579,73.8394,74.183,1077049.0
2023-01-24 08:00:00,73.9762,75.1136,72.9229,74.6129,1187404.0
2023-01-24 09:00:00,74.5824,77.9637,73.8334,77.7099,1262537.0
2023-01-24 10:00:00,77.8528,79.8626,77.8045,79.0638,1164463.0
2023-01-24 11:00:00,78.7959,79.3709,77.7003,78.5483,1090080.0
2023-01-24 12:00:00,78.2093,80.9635,78.0663,80.4354,1285361.0
2023-01-24 13:00:00,80.5655,80.6836,79.2391,79.7789,1101880.0
2023-01-24 14:00:00,80.0451,80.7655,76.0096,76.5269,1357008.0
2023-01-24 15:00:00,76.2253,76.4642,74.7104,74.984,1271946.0
2023-01-24 16:00:00,74.6616,75.1005,71.9833,72.1784,1236883.0
2023-01-24 17:00:00,71.8478,72.3721,71.4611,71.671,1222034.0
2023-01-24 18:00:00,71.4785,72.1785,70.7802,71.6974,1186930.0
2023-01-24 19:00:00,71.9743,74.6764,71.4264,74.1013,1389453.0
2023-01-24 20:00:00,74.0296,75.3966,73.4613,74.5858,1136360.0
2023-01-24 21:00:00,74.7585,75.4628,74.1347,74.259,1176991.0
2023-01-24 22:00:00,74.5149,75.9175,74.1448,75.4908,1331905.0
2023-01-24 23:00:00,75.7506,76.0721,71.8272,72.1524,1365614.0
2023-01-25 00:00:00,72.0263,72.5311,71.7599,72.4924,849674.0
2023-01-25 01:00:00,72.83,74.1823,71.7863,73.61,1092495.0
2023-01-25 02:00:00,73.8348,74.888,71.0025,71.4332,1409036.0
2023-01-25 03:00:00,71.7835,73.0842,71.394,73.0673,1292553.0
2023-01-25 04:00:00,72.7899,74.6197,72.5879,73.5619,1116800.0
2023-01-25 05:00:00,73.4201,73.7547,72.6971,72.951,947147.0
2023-01-25 06:00:00,72.8913,74.2974,72.3962,73.8742,960207.0
2023-01-25 07:00:00,73.5789,77.2431,73.0483,77.2291,1495118.0
2023-01-25 08:00:00,77.0235,77.5237,76.5447,77.51,1226249.0
2023-01-25 09:00:00,77.3019,78.3705,76.7983,77.8948,1017495.0
2023-01-25 10:00:00,77.536,77.7923,77.0045,77.1792,903333.0
2023-01-25 11:00:00,76.802,77.6334,75.5477,75.8674,986072.0
2023-01-25 12:00:00,75.7898,78.1656,75.2196,77.1273,1076162.0
2023-01-25 13:00:00,76.9511,78.0394,75.3624,75.8067,1191164.0
2023-01-25 14:00:00,75.7507,76.2791,75.3993,75.9152,904040.0
2023-01-25 15:00:00,76.1561,76.7506,75.1298,75.19,1075554.0
2023-01-25 16:00:00,75.4687,75.9741,75.3084,75.9103,1196783.0
2023-01-25 17:00:00,75.9046,76.6118,75.7582,76.4169,1024561.0
2023-01-25 18:00:00,76.1581,78.5803,75.3638,78.0026,1311572.0
2023-01-25 19:00:00,77.729,77.8814,77.0032,77.2069,1065385.0
2023-01-25 20:00:00,76.8646,76.9051,76.3329,76.7902,1132840.0
2023-01-25 21:00:00,76.8989,77.0567,74.7599,75.287,1354028.0
2023-01-25 22:00:00,75.0837,75.3758,74.4482,74.618,1157812.0
2023-01-25 23:00:00,74.7472,76.2589,74.2311,75.1811,937986.0
2023-01-26 00:00:00,75.0762,77.1425,74.7497,76.3193,983889.0
2023-01-26 01:00:00,76.0569,77.5521,73.4557,74.9117,1301960.0
2023-01-26 02:00:00,74.97,77.1976,74.6469,76.2146,1160993.0
2023-01-26 03:00:00,76.1469,78.7592,75.7875,78.281,1296820.0
2023-01-26 04:00:00,78.0474,80.238,77.0923,78.9283,1211996.0
2023-01-26 05:00:00,79.1489,81.9086,78.2846,81.8909,1191414.0
2023-01-26 06:00:00,82.2938,82.7378,80.3125,80.6236,1260903.0
2023-01-26 07:00:00,80.9183,80.9915,78.5295,78.6166,1440591.0
2023-01-26 08:00:00,78.8893,79.2759,75.045,75.8199,1393440.0
2023-01-26 09:00:00,75.9583,78.7196,75.5005,78.0885,1209577.0
2023-01-26 10:00:00,77.8748,80.0158,77.5744,79.1104,1181005.0
2023-01-26 11:00:00,78.8879,79.0993,78.7204,79.0225,1053515.0
2023-01-26 12:00:00,78.6629,80.5,78.1866,79.465,1047405.0
2023-01-26 13:00:00,79.3315,80.0304,77.6561,77.6762,1057737.0
2023-01-26 14:00:00,77.3095,81.9325,77.0168,81.4758,1508408.0
2023-01-26 15:00:00,81.3095,82.0995,80.7115,81.6863,846010.0
2023-01-26 16:00:00,81.7491,82.7125,80.9984,81.8651,849636.0
2023-01-26 17:00:00,81.9477,83.2331,81.4705,83.0534,1107789.0
2023-01-26 18:00:00,83.2317,84.0282,82.9191,83.8523,1175334.0
2023-01-26 19:00:00,84.0973,85.282,83.0397,84.2278,1223146.0
2023-01-26 20:00:00,83.8076,84.0227,82.7258,82.8962,1222828.0
2023-01-26 21:00:00,82.9737,83.6976,82.0965,83.6779,1023705.0
2023-01-26 22:00:00,83.7252,87.2732,83.5565,86.8275,1214172.0
2023-01-26 23:00:00,87.1908,90.1763,87.0332,89.1639,1229894.0
2023-01-27 00:00:00,89.4134,92.1783,89.4134,92.005,1403492.0
2023-01-27 01:00:00,91.7791,91.7914,90.5552,91.0643,1242703.0
2023-01-27 02:00:00,91.1242,92.032,89.115,89.262,1217470.0
2023-01-27 03:00:00,89.3576,89.7293,88.8085,89.0374,863143.0
2023-01-27 04:00:00,88.6783,89.29,87.8269,89.1367,988786.0
2023-01-27 05:00:00,89.4697,92.2642,88.7931,91.0873,1343827.0
2023-01-27 06:00:00,90.9104,91.2729,87.4179,88.0041,1411369.0
2023-01-27 07:00:00,87.6813,91.2542,87.5718,90.6962,1337307.0
2023-01-27 08:00:00,90.8781,91.9327,89.1942,90.4096,1031585.0
2023-01-27 09:00:00,90.5173,90.7869,89.601,89.6377,999192.0
2023-01-27 10:00:00,89.7427,90.631,87.6225,87.8233,1052640.0
2023-01-27 11:00:00,87.4791,88.2933,83.9493,84.9166,1347521.0
2023-01-27 12:00:00,84.5404,86.3718,84.229,86.3146,1182372.0
2023-01-27 13:00:00,86.4335,87.0441,86.4029,86.4411,1013915.0
2023-01-27 14:00:00,86.227,86.6341,83.4183,84.211,1417166.0
2023-01-27 15:00:00,84.281,85.3364,81.5166,82.0298,1315401.0
2023-01-27 16:00:00,81.7755,82.4637,80.9352,81.4789,1010605.0
2023-01-27 17:00:00,81.0886,84.6951,81.0024,84.1987,1440415.0
2023-01-27 18:00:00,84.0567,84.9388,83.2465,83.7616,1154419.0
2023-01-27 19:00:00,83.6881,84.6122,81.0027,81.2435,1148807.0
2023-01-27 20:00:00,81.6248,82.0494,80.7751,80.8442,984870.0
2023-01-27 21:00:00,80.5709,81.2384,79.3933,80.4032,1035240.0
2023-01-27 22:00:00,80.3234,80.4188,75.373,76.0665,1505307.0
2023-01-27 23:00:00,76.188,76.552,75.4514,75.9839,835437.0
2023-01-28 00:00:00,76.3186,77.1705,74.3907,75.6329,906759.0
2023-01-28 01:00:00,75.7099,77.2286,75.3403,76.686,1074475.0
2023-01-28 02:00:00,76.603,79.6111,76.2147,79.5218,1253323.0
2023-01-28 03:00:00,79.5634,81.5981,79.1556,81.3135,1256105.0
2023-01-28 04:00:00,81.5599,82.0086,80.811,80.8763,1080117.0
2023-01-28 05:00:00,80.7924,81.2382,78.8751,79.0864,1081883.0
2023-01-28 06:00:00,79.1621,83.2338,78.3073,83.1568,1616725.0
2023-01-28 07:00:00,83.4299,83.5222,82.7074,83.2553,1063880.0
2023-01-28 08:00:00,83.4913,83.8945,81.9128,83.2785,852524.0
2023-01-28 09:00:00,83.6707,83.9394,82.1488,83.2383,820939.0
2023-01-28 10:00:00,83.2519,84.1057,82.3884,83.568,1108517.0
2023-01-28 11:00:00,83.8268,84.8004,83.3043,83.3268,1221880.0
2023-01-28 12:00:00,83.5888,83.7362,82.3022,82.3707,1090674.0
2023-01-28 13:00:00,82.2726,82.3384,80.7539,81.4698,1270333.0
2023-01-28 14:00:00,81.2387,81.8038,81.1965,81.4165,1134745.0
2023-01-28 15:00:00,81.4881,81.9887,79.4112,80.5316,1130559.0
2023-01-28 16:00:00,80.6375,81.7374,78.5572,79.3835,1108225.0
2023-01-28 17:00:00,79.4161,80.4848,79.077,79.5524,1071546.0
2023-01-28 18:00:00,79.3017,79.3658,78.4975,79.1468,1156472.0
2023-01-28 19:00:00,78.9305,82.2258,78.8493,81.5275,1277532.0
2023-01-28 20:00:00,81.2702,81.3927,76.9825,77.2049,1350654.0
2023-01-28 21:00:00,77.2139,79.3085,76.8898,78.8903,1353960.0
2023-01-28 22:00:00,78.8948,80.8924,78.8545,80.8564,1278763.0
2023-01-28 23:00:00,81.1621,81.7729,76.5,77.5035,1234155.0
2023-01-29 00:00:00,77.1501,77.2426,76.7027,76.9723,1126766.0
2023-01-29 01:00:00,77.3156,77.6857,76.2717,76.4005,905163.0
2023-01-29 02:00:00,76.1155,76.1863,73.9592,74.2498,1179841.0
2023-01-29 03:00:00,74.6133,75.1428,72.3753,73.0947,1012585.0
2023-01-29 04:00:00,73.1347,73.195,71.468,71.4712,1290288.0
2023-01-29 05:00:00,71.4074,74.5058,70.9735,73.9759,1160056.0
2023-01-29 06:00:00,73.737,75.4347,73.0294,75.3603,1226879.0
2023-01-29 07:00:00,75.2212,77.7607,74.9373,77.2768,1093097.0
2023-01-29 08:00:00,77.5067,78.8003,77.1809,78.3921,1134370.0
2023-01-29 09:00:00,78.0572,78.4697,76.1169,76.622,1338780.0
2023-01-29 10:00:00,76.4233,77.7521,74.5657,75.8182,994767.0
2023-01-29 11:00:00,75.7497,77.3833,75.5991,76.5602,1217538.0
2023-01-29 12:00:00,76.737,77.0597,74.2564,74.6889,1377470.0
2023-01-29 13:00:00,74.9626,75.831,74.0774,75.754,998594.0
2023-01-29 14:00:00,75.7908,76.1338,74.9497,75.3899,1246675.0
2023-01-29 15:00:00,75.5222,75.7324,74.7548,74.8247,938458.0
2023-01-29 16:00:00,75.1087,77.213,73.6759,75.8887,1025518.0
2023-01-29 17:00:00,76.0171,76.9456,75.6885,76.5629,1031977.0
2023-01-29 18:00:00,76.6208,76.7928,75.5116,76.0102,1093581.0
2023-01-29 19:00:00,75.7899,78.5551,75.764,77.7726,1173798.0
2023-01-29 20:00:00,77.8223,78.1618,75.2078,76.0911,1243169.0
2023-01-29 21:00:00,76.2699,77.8247,75.6391,77.0284,976459.0
2023-01-29 22:00:00,76.9661,78.3588,76.6134,77.9421,1033894.0
2023-01-29 23:00:00,77.9392,78.0526,77.1696,77.4596,871487.0
2023-01-30 00:00:00,77.8016,78.1521,77.2962,77.9649,901795.0
2023-01-30 01:00:00,78.0043,78.4614,75.4439,76.014,1408852.0
2023-01-30 02:00:00,75.6511,77.9487,75.3042,77.4188,1341068.0
2023-01-30 03:00:00,77.6589,78.1245,76.3254,77.1325,1202197.0
2023-01-30 04:00:00,76.8863,77.167,76.1202,76.3261,1003287.0
2023-01-30 05:00:00,76.3682,78.3671,76.0556,77.9274,1255970.0
2023-01-30 06:00:00,77.6062,77.6892,76.582,76.8297,1026466.0
2023-01-30 07:00:00,76.7531,77.3295,74.6559,74.6654,1341443.0
2023-01-30 08:00:00,74.8884,75.9385,72.319,72.3409,1172839.0
2023-01-30 09:00:00,72.3109,73.9739,71.4339,73.2177,1192828.0
2023-01-30 10:00:00,73.5816,74.5871,70.9539,71.3427,1407986.0
2023-01-30 11:00:00,71.1508,74.2268,71.0462,73.8465,1239219.0
2023-01-30 12:00:00,74.1117,74.3738,70.4339,70.7717,1312012.0
2023-01-30 13:00:00,70.9557,73.5474,70.4787,73.1729,1223167.0
2023-01-30 14:00:00,73.2794,74.831,72.8426,73.4817,1154959.0
2023-01-30 15:00:00,73.6225,74.7947,72.8637,73.3396,871629.0
2023-01-30 16:00:00,73.5078,74.145,72.3141,72.5403,1110766.0
2023-01-30 17:00:00,72.4877,73.5762,71.9646,73.1194,972717.0
2023-01-30 18:00:00,72.9506,73.2251,72.3174,73.0643,1171228.0
2023-01-30 19:00:00,73.2479,75.3835,72.5938,74.6766,1093785.0
2023-01-30 20:00:00,74.5845,75.3383,74.4944,74.8472,1017314.0
2023-01-30 21:00:00,74.659,75.23,74.2583,75.0722,1180255.0
2023-01-30 22:00:00,75.3415,75.9574,73.9827,74.5262,931400.0
2023-01-30 23:00:00,74.8579,75.6424,74.0623,74.4413,1011620.0
2023-01-31 00:00:00,74.4492,75.0315,74.108,74.8996,1182518.0
2023-01-31 01:00:00,74.6279,75.9017,71.9115,72.3378,1406959.0
2023-01-31 02:00:00,72.5635,73.6805,70.0288,70.3873,1413039.0
2023-01-31 03:00:00,70.5316,71.8033,70.1982,71.4336,1049578.0
2023-01-31 04:00:00,71.1971,71.7473,70.2727,71.6777,1024363.0
2023-01-31 05:00:00,71.5941,71.8078,70.3545,71.414,1056360.0
2023-01-31 06:00:00,71.5714,71.8581,71.1019,71.4403,988046.0
2023-01-31 07:00:00,71.6757,72.8264,71.5441,71.9369,1205057.0
2023-01-31 08:00:00,72.0786,72.4728,70.2177,71.1604,1198100.0
2023-01-31 09:00:00,71.0948,71.5163,70.0306,70.0527,1340227.0
2023-01-31 10:00:00,70.1447,70.616,69.8797,70.3271,1215992.0
2023-01-31 11:00:00,70.5209,70.7835,68.86,68.9509,999960.0
2023-01-31 12:00:00,69.279,69.8517,68.9532,69.5139,1019287.0
2023-01-31 13:00:00,69.4727,70.2556,66.7121,67.1469,1343619.0
2023-01-31 14:00:00,67.471,68.6502,67.436,68.529,1271089.0
2023-01-31 15:00:00,68.4709,69.5835,67.722,69.1767,972804.0
2023-01-31 16:00:00,69.2796,70.035,68.7305,69.5309,953864.0
2023-01-31 17:00:00,69.5399,71.2678,68.865,70.8975,1394831.0
2023-01-31 18:00:00,71.1958,73.5504,71.1508,73.259,1214791.0
2023-01-31 19:00:00,73.0536,74.7454,72.2996,74.7453,1340425.0
2023-01-31 20:00:00,74.497,74.6417,71.9148,71.9933,1457786.0
2023-01-31 21:00:00,71.9433,72.1056,69.4704,70.1509,1195448.0
2023-01-31 22:00:00,70.236,70.7722,69.1929,69.2743,939199.0
2023-01-31 23:00:00,69.0891,69.3847,68.8279,69.3104,820801.0
2023-02-01 00:00:00,69.52,70.2879,69.1841,70.028,1173766.0
2023-02-01 01:00:00,70.2811,71.0501,69.0029,69.0116,1256367.0
2023-02-01 02:00:00,69.349,69.7481,68.4551,69.2693,1139181.0
2023-02-01 03:00:00,69.2959,69.896,67.7122,68.2228,990023.0
2023-02-01 04:00:00,68.1175,68.1249,66.9644,67.3884,1016205.0
2023-02-01 05:00:00,67.2788,68.241,65.4919,65.4926,1204459.0
2023-02-01 06:00:00,65.3181,65.3565,64.1796,64.2833,1206866.0
2023-02-01 07:00:00,64.2302,64.457,62.0321,62.5455,1432456.0
2023-02-01 08:00:00,62.4393,62.5219,60.6001,61.3248,1019265.0
2023-02-01 09:00:00,61.201,62.8069,61.1058,62.617,1323992.0
2023-02-01 10:00:00,62.7015,62.7546,61.3984,61.4281,1353651.0
2023-02-01 11:00:00,61.6254,64.9386,61.5878,64.6621,1708655.0
2023-02-01 12:00:00,64.8947,65.396,64.4123,65.3001,903955.0
2023-02-01 13:00:00,65.476,66.3182,64.7214,65.5415,1164817.0
2023-02-01 14:00:00,65.3444,65.6846,64.0753,64.4163,1122493.0
2023-02-01 15:00:00,64.445,65.4324,63.9594,65.3186,1007088.0
2023-02-01 16:00:00,65.3208,65.8231,64.1056,64.5666,1173341.0
2023-02-01 17:00:00,64.597,64.7656,64.4181,64.7241,989808.0
2023-02-01 18:00:00,64.5778,68.402,64.2331,68.0381,1452947.0
2023-02-01 19:00:00,67.8198,68.0578,67.4568,67.9074,875691.0
2023-02-01 20:00:00,67.6417,70.5898,67.217,69.4683,1339948.0
2023-02-01 21:00:00,69.557,69.6924,68.3899,68.4913,1315860.0
2023-02-01 22:00:00,68.7567,69.5636,67.4053,68.4434,834612.0
2023-02-01 23:00:00,68.3159,71.3188,68.0722,70.8674,1213562.0
2023-02-02 00:00:00,71.0902,71.4691,69.8496,69.9787,1004068.0
2023-02-02 01:00:00,69.8387,72.9145,69.4793,72.5154,1440921.0
2023-02-02 02:00:00,72.7503,73.6985,72.3942,73.5418,1261925.0
2023-02-02 03:00:00,73.2549,73.7535,72.5225,72.7145,1186041.0
2023-02-02 04:00:00,72.8527,73.7595,72.8308,73.6342,1170406.0
2023-02-02 05:00:00,73.5509,75.1186,73.4576,75.0665,1113701.0
2023-02-02 06:00:00,75.3749,76.003,75.1434,76.0001,973660.0
2023-02-02 07:00:00,76.3239,76.4426,72.9297,73.6133,1196362.0
2023-02-02 08:00:00,73.6477,74.6979,71.8948,72.5428,1159251.0
2023-02-02 09:00:00,72.3007,72.8263,71.996,72.1837,998336.0
2023-02-02 10:00:00,72.0674,73.2014,71.1953,72.0762,1053858.0
2023-02-02 11:00:00,71.7516,73.3126,71.1438,72.9709,1014925.0
2023-02-02 12:00:00,73.2768,73.7786,72.8254,73.2303,1220160.0
2023-02-02 13:00:00,73.2223,73.5228,70.5178,71.2745,1294651.0
2023-02-02 14:00:00,71.4967,72.2199,70.9872,71.8165,1215428.0
2023-02-02 15:00:00,72.0276,73.4082,71.5586,72.6935,1218768.0
2023-02-02 16:00:00,72.9443,74.0032,72.8805,73.5073,1072708.0
2023-02-02 17:00:00,73.4708,75.9459,73.0746,75.0962,1270053.0
2023-02-02 18:00:00,75.2835,76.6736,75.1637,76.3487,1083548.0
2023-02-02 19:00:00,76.3354,77.32,75.1371,77.0499,1177886.0
2023-02-02 20:00:00,76.9937,77.7018,75.6044,76.9418,1024052.0
2023-02-02 21:00:00,76.7511,77.2863,74.2425,74.3858,1214584.0
2023-02-02 22:00:00,74.0431,75.3926,73.9531,75.025,1151247.0
2023-02-02 23:00:00,75.063,75.5395,74.1018,75.3366,1081638.0
2023-02-03 00:00:00,75.5398,76.9256,74.8479,75.7458,990972.0
2023-02-03 01:00:00,75.4189,76.4156,73.6819,73.8116,1186486.0
2023-02-03 02:00:00,73.8834,74.3847,71.6264,72.2157,1358030.0
2023-02-03 03:00:00,72.4826,73.8025,71.914,73.7368,1349649.0
2023-02-03 04:00:00,73.6854,73.7797,73.2762,73.6785,1022050.0
2023-02-03 05:00:00,73.4549,74.9125,73.4106,74.6827,1065127.0
2023-02-03 06:00:00,74.95,75.6196,74.2892,74.725,1186911.0
2023-02-03 07:00:00,75.0464,75.6716,74.4639,74.7695,827081.0
2023-01-03 02:00:00,78.3103,79.1666,77.9177,78.8188,1088676.0
2023-01-03 03:00:00,78.682,78.8917,78.1764,78.2118,1017267.0
2023-01-03 04:00:00,77.8822,78.0522,77.0966,77.1529,1162400.0
2023-01-03 05:00:00,77.3848,78.3366,77.186,78.0968,964162.0
2023-01-03 06:00:00,78.2581,79.7438,77.1923,79.7071,1026988.0
