Timestamp,Open,High,Low,Close,Volume,HL,Pressure,PV,PPrice1,PColor1,PPrice2,PColor2,Direction,Diff
1993-06-01,1.5613,1.567,1.4637,1.4908,64042.0,0.0,,,1.5613,0.0,1.5613,0.0,0.0,1.5613
1993-07-01,1.4898,1.5255,1.472,1.4815,57102.0,10329.999999999995,,,1.4898,3.0,1.4898,4.0,4.0,1.4898
1993-08-01,1.479,1.5215,1.455,1.4912,64442.0,5350.00000000001,5.5277831558567305,,1.479,0.0,1.479,4.0,4.0,1.479
1993-09-01,1.4905,1.558,1.4855,1.495,65422.0,6650.0,12.04523364485979,6.51745048900306,1.4905,3.0,1.4905,1.0,1.0,1.4905
1993-10-01,1.495,1.5395,1.47,1.478,54411.0,7250.0,9.837894736842106,-2.207338908017684,1.495,3.0,1.495,3.0,3.0,1.495
1993-11-01,1.4825,1.4981,1.4635,1.4863,46272.0,6950.000000000011,7.504965517241379,-2.332929219600727,1.4825,3.0,1.4825,2.0,2.0,1.4825
1993-12-01,1.4856,1.5115,1.472,1.4765,43563.0,3459.999999999996,6.6578417266186944,-0.8471237906226845,1.4856,0.0,1.4856,2.0,2.0,1.4856
1994-01-01,1.478,1.512,1.474,1.5074,37811.0,3950.0000000000086,12.59046242774568,5.932620701126985,1.478,0.0,1.478,2.0,2.0,1.478
1994-02-01,1.5064,1.5097,1.454,1.4858,45100.0,3800.000000000003,9.572405063291118,-3.0180573644545614,1.5064,3.0,1.5064,1.0,1.0,1.5064
1994-03-01,1.4847,1.506,1.4734,1.484,40803.0,5570.000000000008,11.86842105263157,2.296015989340452,1.4847,0.0,1.4847,1.0,1.0,1.4847
1994-04-01,1.4835,1.526,1.4607,1.52,36861.0,3259.999999999996,7.325493716337512,-4.542927336294058,1.4835,3.0,1.4835,4.0,4.0,1.4835
1994-05-01,1.516,1.521,1.485,1.5115,34782.0,6529.999999999991,11.30705521472394,3.9815614983864283,1.516,3.0,1.516,3.0,3.0,1.516
1994-06-01,1.5109,1.5595,1.5015,1.5448,43572.0,3599.999999999981,5.32649310872895,-5.98056210599499,1.5109,3.0,1.5109,1.0,1.0,1.5109
1994-07-01,1.5432,1.577,1.52,1.544,47151.0,5800.000000000005,12.103333333333397,6.776840224604447,1.5432,0.0,1.5432,1.0,1.0,1.5432
1994-08-01,1.5525,1.5625,1.5204,1.5352,52313.0,5699.999999999994,8.129482758620684,-3.9738505747127135,1.5525,3.0,1.5525,3.0,3.0,1.5525
1994-09-01,1.5343,1.5902,1.5315,1.5777,49082.0,4210.000000000003,9.177719298245623,1.0482365396249396,1.5343,3.0,1.5343,2.0,2.0,1.5343
1994-10-01,1.5766,1.642,1.5729,1.6365,42411.0,5869.999999999997,11.658432304037998,2.4807130057923743,1.5766,3.0,1.5766,1.0,1.0,1.5766
1994-11-01,1.6355,1.645,1.5585,1.5662,47442.0,6909.999999999994,7.225042589437823,-4.433389714600175,1.6355,3.0,1.6355,3.0,3.0,1.6355
1994-12-01,1.5654,1.577,1.539,1.5662,37762.0,8650.000000000002,6.86570188133141,-0.35934070810641305,1.5654,3.0,1.5654,2.0,2.0,1.5654
1995-01-01,1.5637,1.6036,1.5475,1.58,41922.0,3800.000000000003,4.365549132947976,-2.5001527483834343,1.5637,3.0,1.5637,4.0,4.0,1.5637
1995-02-01,1.5805,1.5979,1.5491,1.5855,43500.0,5609.999999999981,11.032105263157886,6.66655613020991,1.5805,3.0,1.5805,1.0,1.0,1.5805
1995-03-01,1.5848,1.6684,1.5635,1.622,99053.0,4880.000000000017,7.754010695187192,-3.278094567970694,1.5848,3.0,1.5848,3.0,3.0,1.5848
1995-04-01,1.6243,1.628,1.5847,1.6092,66370.0,10490.00000000002,20.29774590163927,12.543735206452078,1.6243,0.0,1.6243,3.0,3.0,1.6243
1995-05-01,1.61,1.625,1.5461,1.5856,71603.0,4329.999999999989,6.326978074356518,-13.970767827282753,1.61,3.0,1.61,1.0,1.0,1.61
1995-06-01,1.586,1.6185,1.5684,1.5957,59942.0,7889.999999999996,16.53648960739034,10.209511533033822,1.586,3.0,1.586,4.0,4.0,1.586
1995-07-01,1.5921,1.6065,1.5843,1.5969,39071.0,5010.000000000003,7.597211660329535,-8.939277947060805,1.5921,3.0,1.5921,2.0,2.0,1.5921
1995-08-01,1.5965,1.612,1.529,1.5498,54803.0,2219.9999999999995,7.798602794411173,0.20139113408163833,1.5965,3.0,1.5965,3.0,3.0,1.5965
1995-09-01,1.551,1.599,1.542,1.585,43141.0,8300.000000000018,24.68603603603604,16.887433241624866,1.551,3.0,1.551,2.0,2.0,1.551
1995-10-01,1.5815,1.5961,1.566,1.581,41792.0,5699.999999999994,5.197710843373483,-19.488325192662558,1.5815,0.0,1.5815,2.0,2.0,1.5815
1995-11-01,1.5807,1.587,1.5233,1.5336,46002.0,3010.0000000000014,7.331929824561412,2.134218981187929,1.5807,3.0,1.5807,3.0,3.0,1.5807
1995-12-01,1.5338,1.563,1.5203,1.5498,43761.0,6369.999999999986,15.283056478405308,7.951126653843897,1.5338,3.0,1.5338,4.0,4.0,1.5338
1996-01-01,1.547,1.5605,1.497,1.5149,42862.0,4269.999999999995,6.86985871271587,-8.41319776568944,1.547,3.0,1.547,2.0,2.0,1.547
1996-02-01,1.5133,1.5535,1.5111,1.5325,34561.0,6349.999999999988,10.037939110070269,3.168080397354399,1.5133,0.0,1.5133,2.0,2.0,1.5133
1996-03-01,1.5318,1.5415,1.515,1.5269,32161.0,4239.999999999999,5.442677165354341,-4.595261944715928,1.5318,0.0,1.5318,2.0,2.0,1.5318
1996-04-01,1.525,1.5332,1.498,1.5058,33042.0,2650.0000000000186,7.585141509433964,2.142464344079623,1.525,3.0,1.525,1.0,1.0,1.525
1996-05-01,1.5054,1.5549,1.489,1.5528,35273.0,3519.9999999999895,12.468679245282932,4.883537735848968,1.5054,3.0,1.5054,4.0,4.0,1.5054
1996-06-01,1.5523,1.5575,1.527,1.5531,32670.0,6589.9999999999845,10.020738636363665,-2.447940608919266,1.5523,3.0,1.5523,1.0,1.0,1.5523
1996-07-01,1.5512,1.565,1.5368,1.5575,35073.0,3050.000000000019,4.957511380880133,-5.0632272554835325,1.5512,3.0,1.5512,3.0,3.0,1.5512
1996-08-01,1.5562,1.566,1.534,1.565,28862.0,2820.0,11.49934426229501,6.5418328814148765,1.5562,3.0,1.5562,1.0,1.0,1.5562
1996-09-01,1.5607,1.5726,1.5485,1.5657,29351.0,3200.0000000000027,10.234751773049645,-1.2645924892453646,1.5607,3.0,1.5607,3.0,3.0,1.5607
1996-10-01,1.5651,1.6357,1.5602,1.6266,35433.0,2410.000000000001,9.172187499999993,-1.0625642730496523,1.5651,0.0,1.5651,3.0,3.0,1.5651
1996-11-01,1.626,1.692,1.6249,1.6823,44751.0,7549.999999999989,14.70248962655601,5.530302126556018,1.626,0.0,1.626,3.0,3.0,1.626
1996-12-01,1.6827,1.7173,1.6095,1.7145,56142.0,6709.999999999994,5.927284768211929,-8.775204858344082,1.6827,0.0,1.6827,3.0,3.0,1.6827
1997-01-01,1.71,1.7133,1.5945,1.6022,64732.0,10780.000000000011,8.366915052160962,2.4396302839490334,1.71,0.0,1.71,3.0,3.0,1.71
1997-02-01,1.5975,1.6475,1.5969,1.6292,51510.0,11880.0,6.004823747680884,-2.362091304480078,1.5975,3.0,1.5975,2.0,2.0,1.5975
1997-03-01,1.6277,1.648,1.5849,1.6385,44571.0,5059.999999999997,4.335858585858586,-1.6689651618222987,1.6277,0.0,1.6277,2.0,2.0,1.6277
1997-04-01,1.638,1.656,1.6154,1.6245,42312.0,6309.999999999993,8.80849802371542,4.4726394378568335,1.638,3.0,1.638,3.0,3.0,1.638
1997-05-01,1.624,1.6608,1.6,1.6415,57662.0,4059.999999999997,6.7055467511885976,-2.1029512725268216,1.624,3.0,1.624,2.0,2.0,1.624
1997-06-01,1.6408,1.6735,1.6188,1.6658,41451.0,6079.999999999996,14.202463054187204,7.496916302998606,1.6408,3.0,1.6408,1.0,1.0,1.6408
1997-07-01,1.6652,1.7002,1.623,1.641,58153.0,5469.999999999996,6.81759868421053,-7.384864369976674,1.6652,3.0,1.6652,3.0,3.0,1.6652
1997-08-01,1.6407,1.6435,1.5663,1.6233,59961.0,7719.999999999993,10.631261425959787,3.8136627417492566,1.6407,3.0,1.6407,2.0,2.0,1.6407
1997-09-01,1.614,1.6305,1.5767,1.619,52942.0,7719.999999999993,7.766968911917106,-2.864292514042681,1.614,3.0,1.614,4.0,4.0,1.614
1997-10-01,1.6173,1.6882,1.5985,1.6748,50923.0,5380.000000000006,6.857772020725395,-0.9091968911917103,1.6173,3.0,1.6173,2.0,2.0,1.6173
1997-11-01,1.678,1.7155,1.6669,1.689,46410.0,8969.999999999989,9.465241635687722,2.6074696149623264,1.678,3.0,1.678,3.0,3.0,1.678
1997-12-01,1.6896,1.6907,1.6264,1.65,52443.0,4859.999999999997,5.173913043478267,-4.291328592209455,1.6896,0.0,1.6896,3.0,3.0,1.6896
1998-01-01,1.6474,1.687,1.609,1.6346,5696.0,6430.000000000002,10.790740740740747,5.6168276972624795,1.6474,3.0,1.6474,2.0,2.0,1.6474
1998-02-01,1.6308,1.6609,1.6205,1.6442,4607.0,7800.000000000006,0.8858475894245721,-9.904893151316175,1.6308,3.0,1.6308,4.0,4.0,1.6308
1998-03-01,1.6448,1.69,1.6279,1.6728,4553.0,4039.9999999999986,0.5906410256410252,-0.2952065637835469,1.6448,3.0,1.6448,2.0,2.0,1.6448
1998-04-01,1.6722,1.6982,1.6546,1.6729,35321.0,6210.000000000004,1.1269801980198024,0.5363391723787773,1.6722,3.0,1.6722,3.0,3.0,1.6722
1998-05-01,1.67,1.675,1.6152,1.631,126501.0,4359.999999999985,5.687761674718193,4.560781476698391,1.67,3.0,1.67,1.0,1.0,1.67
1998-06-01,1.6325,1.6793,1.625,1.6677,264061.0,5980.000000000007,29.013990825688172,23.32622915096998,1.6325,3.0,1.6325,4.0,4.0,1.6325
1998-07-01,1.6673,1.6723,1.6267,1.6327,193933.0,5430.000000000001,44.15735785953172,15.14336703384355,1.6673,3.0,1.6673,2.0,2.0,1.6673
1998-08-01,1.634,1.6883,1.6075,1.6815,178552.0,4559.999999999986,35.71510128913443,-8.44225657039729,1.634,3.0,1.634,1.0,1.0,1.634
1998-09-01,1.683,1.7185,1.65,1.7005,264448.0,8079.999999999997,39.15614035087731,3.4410390617428774,1.683,0.0,1.683,1.0,1.0,1.683
1998-10-01,1.6995,1.7367,1.662,1.6755,304726.0,6850.0,32.72871287128714,-6.427427479590172,1.6995,3.0,1.6995,3.0,3.0,1.6995
1998-11-01,1.676,1.6806,1.6424,1.6479,221509.0,7469.999999999998,44.48554744525548,11.75683457396834,1.676,3.0,1.676,2.0,2.0,1.676
1998-12-01,1.6483,1.695,1.6459,1.6609,242251.0,3820.000000000001,29.653145917001346,-14.832401528254131,1.6483,3.0,1.6483,4.0,4.0,1.6483
1999-01-01,1.6686,1.672,1.6233,1.645,105428.0,4910.000000000014,63.416492146596845,33.7633462295955,1.6686,3.0,1.6686,2.0,2.0,1.6686
1999-02-01,1.6469,1.6481,1.5952,1.6038,97175.0,4869.999999999996,21.472097759674075,-41.94439438692277,1.6469,0.0,1.6469,2.0,2.0,1.6469
1999-03-01,1.5997,1.648,1.5952,1.6103,107892.0,5289.9999999999945,19.95379876796716,-1.5182989917069136,1.5997,3.0,1.5997,4.0,4.0,1.5997
1999-04-01,1.6114,1.6239,1.5841,1.6095,99129.0,5279.999999999995,20.39546313799624,0.44166437002908054,1.6114,3.0,1.6114,2.0,2.0,1.6114
1999-05-01,1.6097,1.6435,1.5882,1.6028,101599.0,3979.999999999983,18.774431818181835,-1.6210313198144064,1.6097,3.0,1.6097,1.0,1.0,1.6097
1999-06-01,1.6026,1.6181,1.572,1.5778,118936.0,5529.99999999999,25.527386934673476,6.752955116491641,1.6026,3.0,1.6026,4.0,4.0,1.6026
1999-07-01,1.5782,1.6256,1.547,1.6215,104170.0,4610.000000000003,21.5074141048825,-4.0199728297909765,1.5782,0.0,1.5782,4.0,4.0,1.5782
1999-08-01,1.6203,1.6283,1.5832,1.6037,118599.0,7860.0,22.596529284164845,1.089115179282345,1.6203,3.0,1.6203,1.0,1.0,1.6203
1999-09-01,1.6042,1.6515,1.5983,1.6471,128815.0,4510.000000000014,15.088931297709923,-7.507597986454922,1.6042,0.0,1.6042,1.0,1.0,1.6042
1999-10-01,1.6465,1.6795,1.6326,1.6429,121579.0,5319.999999999991,28.562084257206124,13.4731529594962,1.6465,0.0,1.6465,1.0,1.0,1.6465
1999-11-01,1.6441,1.6519,1.5911,1.5976,133190.0,4689.999999999994,22.853195488721845,-5.708888768484279,1.6441,0.0,1.6441,1.0,1.0,1.6441
1999-12-01,1.598,1.6312,1.5952,1.6154,114102.0,6079.999999999996,28.39872068230281,5.545525193580964,1.598,3.0,1.598,4.0,4.0,1.598
2000-01-01,1.6146,1.6581,1.6127,1.6156,128205.0,3600.0000000000027,18.766776315789485,-9.631944366513324,1.6146,3.0,1.6146,2.0,2.0,1.6146
2000-02-01,1.6155,1.6196,1.5775,1.58,151494.0,4539.999999999988,35.612499999999976,16.84572368421049,1.6155,3.0,1.6155,3.0,3.0,1.6155
2000-03-01,1.5791,1.6008,1.5614,1.5911,168191.0,4210.000000000003,33.36872246696044,-2.243777533039534,1.5791,3.0,1.5791,4.0,4.0,1.5791
2000-04-01,1.5912,1.6082,1.5505,1.5521,130503.0,3940.00000000001,39.95035629453679,6.581633827576347,1.5912,3.0,1.5912,2.0,2.0,1.5912
2000-05-01,1.5535,1.5673,1.4664,1.5004,169013.0,5770.000000000008,33.122588832487224,-6.8277674620495645,1.5535,0.0,1.5535,2.0,2.0,1.5535
2000-06-01,1.5006,1.5314,1.4897,1.5173,164861.0,10089.999999999998,29.2916811091854,-3.8309077233018236,1.5006,3.0,1.5006,4.0,4.0,1.5006
2000-07-01,1.5168,1.5223,1.4904,1.5,151725.0,4170.000000000006,16.339048562933602,-12.952632546251799,1.5168,3.0,1.5168,2.0,2.0,1.5168
2000-08-01,1.4997,1.5143,1.4419,1.4475,154167.0,3190.0000000000036,36.38489208633088,20.045843523397277,1.4997,0.0,1.4997,2.0,2.0,1.4997
2000-09-01,1.4469,1.4802,1.395,1.4761,157596.0,7240.000000000002,48.328213166144145,11.943321079813266,1.4469,3.0,1.4469,4.0,4.0,1.4469
2000-10-01,1.4764,1.4804,1.4191,1.448,170567.0,8519.999999999993,21.76740331491712,-26.560809851227024,1.4764,3.0,1.4764,2.0,2.0,1.4764
2000-11-01,1.4485,1.4573,1.3957,1.4253,187490.0,6129.999999999991,20.01960093896715,-1.74780237594997,1.4485,3.0,1.4485,1.0,1.0,1.4485
2000-12-01,1.4252,1.4983,1.4232,1.4929,189053.0,6160.000000000009,30.585644371941317,10.566043432974165,1.4252,3.0,1.4252,4.0,4.0,1.4252
2001-01-01,1.4931,1.5106,1.4463,1.4643,208046.0,7509.999999999994,30.690422077922033,0.10477770598071601,1.4931,3.0,1.4931,1.0,1.0,1.4931
2001-02-01,1.4645,1.4838,1.431,1.4455,182150.0,6430.000000000002,27.702529960053287,-2.9878921178687463,1.4645,0.0,1.4645,1.0,1.0,1.4645
2001-03-01,1.4455,1.4763,1.4151,1.4163,211670.0,5279.999999999995,28.328149300155513,0.6256193401022259,1.4455,3.0,1.4455,4.0,4.0,1.4455
2001-04-01,1.4144,1.4502,1.4138,1.4333,175511.0,6119.999999999992,40.089015151515184,11.760865851359672,1.4144,0.0,1.4144,4.0,4.0,1.4144
2001-05-01,1.4334,1.4453,1.407,1.4184,191335.0,3639.9999999999986,28.678267973856247,-11.410747177658937,1.4334,3.0,1.4334,2.0,2.0,1.4334
2001-06-01,1.4184,1.4231,1.3682,1.4163,184982.0,3829.9999999999995,52.56456043956046,23.886292465704212,1.4184,3.0,1.4184,1.0,1.0,1.4184
2001-07-01,1.4161,1.4357,1.3927,1.4252,190447.0,5489.9999999999945,48.2981723237598,-4.266388115800659,1.4161,3.0,1.4161,4.0,4.0,1.4161
2001-08-01,1.4251,1.4627,1.4121,1.4542,210452.0,4299.999999999993,34.68979963570131,-13.608372688058488,1.4251,3.0,1.4251,1.0,1.0,1.4251
2001-09-01,1.4528,1.4792,1.4404,1.4744,190904.0,5059.999999999997,48.94232558139543,14.252525945694117,1.4528,3.0,1.4528,3.0,3.0,1.4528
2001-10-01,1.4724,1.4845,1.4196,1.4545,209078.0,3880.0000000000164,37.72806324110674,-11.214262340288691,1.4724,0.0,1.4724,3.0,3.0,1.4724
2001-11-01,1.4545,1.4684,1.404,1.4242,196297.0,6489.999999999995,53.886082474226576,16.158019233119838,1.4545,3.0,1.4545,1.0,1.0,1.4545
2001-12-01,1.4233,1.4611,1.4139,1.4546,183956.0,6440.000000000001,30.24607087827429,-23.640011595952288,1.4233,3.0,1.4233,4.0,4.0,1.4233
2002-01-01,1.4545,1.4559,1.4041,1.4106,210366.0,4720.000000000013,28.564596273291922,-1.6814746049823661,1.4545,3.0,1.4545,2.0,2.0,1.4545
2002-02-01,1.4105,1.4363,1.4058,1.4168,172476.0,5180.000000000006,44.56906779661005,16.004471523318127,1.4105,0.0,1.4105,2.0,2.0,1.4105
2002-03-01,1.417,1.4327,1.4088,1.4259,183725.0,3049.999999999997,33.29652509652506,-11.27254270008499,1.417,0.0,1.417,2.0,2.0,1.417
2002-04-01,1.4257,1.4636,1.4248,1.4579,184505.0,2390.000000000003,60.23770491803285,26.941179821507788,1.4257,3.0,1.4257,3.0,3.0,1.4257
2002-05-01,1.4578,1.4708,1.446,1.4543,196659.0,3879.999999999994,77.19874476987438,16.961039851841534,1.4578,0.0,1.4578,3.0,3.0,1.4578
2002-06-01,1.4571,1.5381,1.4532,1.5331,174902.0,2480.0000000000155,50.685309278350594,-26.513435491523786,1.4571,0.0,1.4571,3.0,3.0,1.4571
2002-07-01,1.5323,1.5867,1.515,1.5631,219113.0,8489.999999999996,70.52499999999957,19.83969072164897,1.5323,0.0,1.5323,3.0,3.0,1.5323
2002-08-01,1.5633,1.5729,1.5162,1.5498,199485.0,7170.000000000009,25.808362779740882,-44.71663722025868,1.5633,0.0,1.5633,3.0,3.0,1.5633
2002-09-01,1.5491,1.5746,1.5283,1.5681,211694.0,5669.999999999996,27.822175732217538,2.0138129524766555,1.5491,3.0,1.5491,1.0,1.0,1.5491
2002-10-01,1.5681,1.5767,1.541,1.5652,238242.0,4630.0,37.33580246913583,9.51362673691829,1.5681,0.0,1.5681,1.0,1.0,1.5681
2002-11-01,1.5654,1.5972,1.5412,1.5575,208776.0,3570.0000000000064,51.456155507559394,14.120353038423566,1.5654,0.0,1.5654,1.0,1.0,1.5654
2002-12-01,1.5573,1.6138,1.545,1.6097,210769.0,5600.000000000005,58.48067226890746,7.0245167613480675,1.5573,3.0,1.5573,4.0,4.0,1.5573
2003-01-01,1.6098,1.6573,1.5905,1.6471,256632.0,6879.999999999996,37.6373214285714,-20.843350840336065,1.6098,3.0,1.6098,1.0,1.0,1.6098
2003-02-01,1.6478,1.6539,1.5701,1.5734,212815.0,6679.999999999996,37.301162790697695,-0.3361586378737016,1.6478,3.0,1.6478,3.0,3.0,1.6478
2003-03-01,1.5718,1.6159,1.5538,1.5819,217918.0,8379.999999999987,31.858532934131755,-5.44262985656594,1.5718,3.0,1.5718,2.0,2.0,1.5718
2003-04-01,1.5816,1.6034,1.546,1.5991,210246.0,6209.999999999982,26.00453460620529,-5.853998327926465,1.5816,0.0,1.5816,2.0,2.0,1.5816
2003-05-01,1.5999,1.6553,1.5902,1.636,233451.0,5739.999999999989,33.85603864734309,7.851504041137801,1.5999,3.0,1.5999,3.0,3.0,1.5999
2003-06-01,1.6264,1.6906,1.623,1.6562,240339.0,6509.999999999993,40.670905923345025,6.814867276001934,1.6264,0.0,1.6264,3.0,3.0,1.6264
2003-07-01,1.6558,1.6746,1.5776,1.6097,251599.0,6760.00000000001,36.91843317972354,-3.7524727436214818,1.6558,0.0,1.6558,3.0,3.0,1.6558
2003-08-01,1.6102,1.6195,1.5614,1.5777,224201.0,9700.000000000018,37.21878698224847,0.30035380252492416,1.6102,3.0,1.6102,2.0,2.0,1.6102
2003-09-01,1.5789,1.6763,1.5609,1.6612,237707.0,5810.000000000004,23.11350515463913,-14.105281827609335,1.5789,3.0,1.5789,4.0,4.0,1.5789
2003-10-01,1.6608,1.7083,1.6532,1.6978,245875.0,11539.999999999995,40.913425129087756,17.799919974448624,1.6608,3.0,1.6608,1.0,1.0,1.6608
2003-11-01,1.6955,1.7247,1.6566,1.7217,207120.0,5509.999999999992,21.30632582322358,-19.607099305864175,1.6955,3.0,1.6955,3.0,3.0,1.6955
2003-12-01,1.7215,1.7946,1.7167,1.7859,221401.0,6809.999999999982,37.58983666061712,16.283510837393536,1.7215,0.0,1.7215,3.0,3.0,1.7215
2004-01-01,1.7858,1.8584,1.7786,1.8247,247089.0,7790.000000000007,32.51116005873724,-5.078676601879877,1.7858,0.0,1.7858,3.0,3.0,1.7858
2004-02-01,1.8243,1.9143,1.8137,1.868,241203.0,7980.000000000009,31.718741976893423,-0.7924180818438167,1.8243,0.0,1.8243,3.0,3.0,1.8243
2004-03-01,1.8672,1.8752,1.7906,1.8462,283624.0,10059.99999999998,30.225939849624027,-1.492802127269396,1.8672,0.0,1.8672,3.0,3.0,1.8672
2004-04-01,1.8463,1.8608,1.7579,1.7788,272079.0,8460.0,28.193240556660097,-2.0326992929639296,1.8463,3.0,1.8463,1.0,1.0,1.8463
2004-05-01,1.7795,1.8427,1.748,1.8333,305601.0,10289.999999999998,32.16063829787234,3.967397741212242,1.7795,3.0,1.7795,4.0,4.0,1.7795
2004-06-01,1.8328,1.8492,1.8011,1.8196,315012.0,9470.0,29.698833819241987,-2.461804478630352,1.8328,3.0,1.8328,2.0,2.0,1.8328
2004-07-01,1.8195,1.8776,1.8083,1.8197,296416.0,4810.000000000003,33.264202745512144,3.565368926270157,1.8195,3.0,1.8195,1.0,1.0,1.8195
2004-08-01,1.8233,1.8469,1.7854,1.8026,285104.0,6929.999999999991,61.62494802494799,28.360745279435847,1.8233,3.0,1.8233,2.0,2.0,1.8233
2004-09-01,1.8029,1.8166,1.7708,1.8118,221267.0,6149.999999999988,41.14054834054839,-20.484399684399598,1.8029,0.0,1.8029,2.0,2.0,1.8029
2004-10-01,1.8119,1.8451,1.7745,1.8378,206210.0,4580.000000000006,35.97837398373991,-5.162174356808485,1.8119,0.0,1.8119,2.0,2.0,1.8119
2004-11-01,1.839,1.9134,1.8297,1.9093,223531.0,7059.999999999999,45.02401746724885,9.04564348350894,1.839,3.0,1.839,3.0,3.0,1.839
2004-12-01,1.9094,1.9552,1.9014,1.9191,241741.0,8369.999999999987,31.661614730878192,-13.362402736370655,1.9094,0.0,1.9094,3.0,3.0,1.9094
2005-01-01,1.9192,1.9204,1.8523,1.8839,227936.0,5380.000000000006,28.881839904420595,-2.779774826457597,1.9192,0.0,1.9192,3.0,3.0,1.9192
2005-02-01,1.884,1.9262,1.8507,1.9202,207884.0,6810.000000000005,42.36728624535311,13.485446340932512,1.884,3.0,1.884,2.0,2.0,1.884
2005-03-01,1.9203,1.9328,1.8593,1.8904,234642.0,7549.999999999989,30.526284875183535,-11.841001370169572,1.9203,3.0,1.9203,1.0,1.0,1.9203
2005-04-01,1.8901,1.922,1.8671,1.9086,233490.0,7350.000000000012,31.078410596026536,0.5521257208430015,1.8901,0.0,1.8901,1.0,1.0,1.8901
2005-05-01,1.9066,1.9079,1.8103,1.8173,263108.0,5489.9999999999945,31.76734693877546,0.6889363427489243,1.9066,3.0,1.9066,2.0,2.0,1.9066
2005-06-01,1.8173,1.8405,1.7871,1.7908,307041.0,9759.99999999999,47.92495446265943,16.157607523883968,1.8173,0.0,1.8173,2.0,2.0,1.8173
2005-07-01,1.7905,1.792,1.7271,1.7574,294996.0,5340.000000000011,31.459118852459046,-16.465835610200383,1.7905,3.0,1.7905,4.0,4.0,1.7905
2005-08-01,1.7556,1.818,1.754,1.8035,295005.0,6489.999999999995,55.24269662921337,23.783577776754324,1.7556,0.0,1.7556,4.0,4.0,1.7556
2005-09-01,1.8036,1.8503,1.7565,1.7682,267163.0,6400.0000000000055,45.45531587057014,-9.78738075864323,1.8036,3.0,1.8036,1.0,1.0,1.8036
2005-10-01,1.7619,1.7904,1.7392,1.768,241173.0,9380.00000000001,41.744218749999966,-3.711097120570173,1.7619,0.0,1.7619,1.0,1.0,1.7619
2005-11-01,1.768,1.7796,1.7047,1.7292,244902.0,5119.999999999991,25.711407249466927,-16.03281150053304,1.768,3.0,1.768,2.0,2.0,1.768
2005-12-01,1.729,1.7811,1.7129,1.7229,217846.0,7489.999999999996,47.83242187500009,22.12101462553316,1.729,0.0,1.729,2.0,2.0,1.729
2006-01-01,1.7223,1.7937,1.7187,1.7788,225068.0,6819.999999999981,29.084913217623512,-18.747508657376574,1.7223,3.0,1.7223,4.0,4.0,1.7223
2006-02-01,1.7781,1.7822,1.7278,1.7537,200086.0,7500.000000000017,33.00117302052795,3.916259802904438,1.7781,3.0,1.7781,1.0,1.0,1.7781
2006-03-01,1.7538,1.7626,1.7231,1.7372,230150.0,5440.0,26.67813333333327,-6.3230396871946795,1.7538,0.0,1.7538,1.0,1.0,1.7538
2006-04-01,1.7365,1.8268,1.725,1.8257,197394.0,3949.9999999999864,42.306985294117645,15.628851960784374,1.7365,3.0,1.7365,4.0,4.0,1.7365
2006-05-01,1.8236,1.9027,1.8205,1.872,244564.0,10179.999999999989,49.973164556962196,7.666179262844551,1.8236,3.0,1.8236,1.0,1.0,1.8236
2006-06-01,1.8721,1.8882,1.8089,1.8498,231071.0,8220.000000000004,24.02396856581535,-25.949195991146848,1.8721,3.0,1.8721,3.0,3.0,1.8721
2006-07-01,1.8476,1.8692,1.8176,1.8679,216204.0,7930.000000000015,28.11082725060826,4.086858684792912,1.8476,3.0,1.8476,1.0,1.0,1.8476
2006-08-01,1.8679,1.9146,1.8626,1.9041,242344.0,5159.999999999986,27.26406052963425,-0.84676672097401,1.8679,3.0,1.8679,2.0,2.0,1.8679
2006-09-01,1.9039,1.9084,1.8601,1.8722,260022.0,5200.000000000005,46.96589147286834,19.701830943234093,1.9039,3.0,1.9039,3.0,3.0,1.9039
2006-10-01,1.8747,1.9097,1.8517,1.9078,206276.0,4830.000000000001,50.00423076923072,3.0383392963623805,1.8747,3.0,1.8747,1.0,1.0,1.8747
2006-11-01,1.9076,1.9697,1.8835,1.9652,189714.0,5800.000000000005,42.70724637681159,-7.296984392419134,1.9076,0.0,1.9076,1.0,1.0,1.9076
2006-12-01,1.9653,1.9846,1.9433,1.9587,173088.0,8620.000000000005,32.70931034482756,-9.997936031984032,1.9653,3.0,1.9653,3.0,3.0,1.9653
2007-01-01,1.9613,1.9913,1.926,1.964,206955.0,4129.999999999989,20.0798143851508,-12.629495959676756,1.9613,3.0,1.9613,1.0,1.0,1.9613
2007-02-01,1.9643,1.9746,1.94,1.9629,141064.0,6530.000000000013,50.110169491525554,30.030355106374753,1.9643,3.0,1.9643,2.0,2.0,1.9643
2007-03-01,1.9628,1.9724,1.9184,1.9679,151319.0,3459.999999999996,21.602450229708992,-28.50771926181656,1.9628,3.0,1.9628,1.0,1.0,1.9628
2007-04-01,1.9691,2.0132,1.9591,1.9995,115642.0,5399.999999999982,43.73381502890179,22.131364799192795,1.9691,0.0,1.9691,1.0,1.0,1.9691
2007-05-01,1.9993,2.0072,1.9677,1.9802,117137.0,5409.999999999981,21.41518518518526,-22.31862984371653,1.9993,3.0,1.9993,3.0,3.0,1.9993
2007-06-01,1.9799,2.0086,1.962,2.0086,117771.0,3950.0000000000086,21.65194085027734,0.23675566509208323,1.9799,3.0,1.9799,1.0,1.0,1.9799
2007-07-01,2.0084,2.0652,2.0057,2.0295,166510.0,4659.999999999997,29.815443037974617,8.163502187697276,2.0084,0.0,2.0084,1.0,1.0,2.0084
2007-08-01,2.0296,2.0462,1.9652,2.017,261621.0,5949.999999999988,35.73175965665238,5.916316618677762,2.0296,3.0,2.0296,3.0,3.0,2.0296
2007-09-01,2.0166,2.0488,1.9879,2.0471,202669.0,8099.999999999974,43.969915966386644,8.238156309734265,2.0166,3.0,2.0166,1.0,1.0,2.0166
2007-10-01,2.0472,2.0822,2.0244,2.0802,215817.0,6089.9999999999945,25.020864197530944,-18.9490517688557,2.0472,0.0,2.0472,1.0,1.0,2.0472
2007-11-01,2.08,2.1161,2.0352,2.0577,263320.0,5779.9999999999845,35.43793103448279,10.417066836951843,2.08,3.0,2.08,3.0,3.0,2.08
2007-12-01,2.0558,2.0677,1.9755,1.9842,198816.0,8089.9999999999745,45.55709342560566,10.11916239112287,2.0558,3.0,2.0558,1.0,1.0,2.0558
2008-01-01,1.9813,1.9957,1.9337,1.9881,306330.0,9219.999999999984,24.57552533992591,-20.981568085679747,1.9813,3.0,1.9813,4.0,4.0,1.9813
2008-02-01,1.9887,1.9971,1.9361,1.9891,254533.0,6200.000000000005,33.22451193058574,8.648986590659831,1.9887,3.0,1.9887,2.0,2.0,1.9887
2008-03-01,1.9858,2.0391,1.972,1.9833,309302.0,6100.000000000016,41.05370967741933,7.829197746833586,1.9858,3.0,1.9858,1.0,1.0,1.9858
2008-04-01,1.9829,2.0048,1.9599,1.9875,312006.0,6709.999999999994,50.70524590163921,9.651536224219882,1.9829,3.0,1.9829,4.0,4.0,1.9829
2008-05-01,1.9876,1.9908,1.9363,1.9822,268524.0,4489.999999999994,46.498658718330894,-4.206587183308315,1.9876,3.0,1.9876,1.0,1.0,1.9876
2008-06-01,1.9766,1.9966,1.9408,1.9935,270219.0,5449.999999999999,59.804899777282934,13.30624105895204,1.9766,3.0,1.9766,2.0,2.0,1.9766
2008-07-01,1.9933,2.0158,1.9647,1.9833,276593.0,5579.9999999999845,49.58146788990827,-10.223431887374666,1.9933,3.0,1.9933,1.0,1.0,1.9933
2008-08-01,1.9833,1.9841,1.8174,1.821,282418.0,5110.000000000015,49.568637992831675,-0.012829897076592545,1.9833,0.0,1.9833,1.0,1.0,1.9833
2008-09-01,1.811,1.8668,1.7446,1.7835,485754.0,16670.000000000007,55.2677103718198,5.699072378988127,1.811,3.0,1.811,4.0,4.0,1.811
2008-10-01,1.7838,1.7873,1.5269,1.6075,703252.0,12220.000000000007,29.139412117576473,-26.12829825424333,1.7838,0.0,1.7838,4.0,4.0,1.7838
2008-11-01,1.6101,1.6397,1.4557,1.5369,523822.0,26040.00000000002,57.549263502454956,28.409851384878483,1.6101,0.0,1.6101,4.0,4.0,1.6101
2008-12-01,1.5381,1.5722,1.4354,1.4537,389877.0,18399.999999999993,20.116052227342536,-37.43321127511242,1.5381,0.0,1.5381,4.0,4.0,1.5381
2009-01-01,1.4608,1.5372,1.3503,1.4539,569276.0,13680.000000000002,21.188967391304356,1.0729151639618202,1.4608,0.0,1.4608,4.0,4.0,1.4608
2009-02-01,1.4438,1.49845,1.4051,1.43145,698735.0,18689.99999999998,41.61374269005847,20.424775298754117,1.4438,0.0,1.4438,4.0,4.0,1.4438
2009-03-01,1.4269,1.47785,1.36542,1.43231,1020976.0,9335.000000000004,37.38550026752277,-4.2282424225357005,1.4269,0.0,1.4269,4.0,4.0,1.4269
2009-04-01,1.43221,1.50662,1.42721,1.47781,971763.0,11243.000000000002,109.37075522228169,71.98525495475891,1.43221,3.0,1.43221,2.0,2.0,1.43221
2009-05-01,1.4778,1.6196,1.47531,1.6188,1343048.0,7940.999999999997,86.43271368851728,-22.938041533764405,1.4778,3.0,1.4778,3.0,3.0,1.4778
2009-06-01,1.6182,1.67427,1.5802,1.6464,1515881.0,14429.000000000002,169.12832137010457,82.69560768158729,1.6182,0.0,1.6182,3.0,3.0,1.6182
2009-07-01,1.64638,1.6732,1.5985,1.6712,553003.0,9406.999999999987,105.05793887310277,-64.0703824970018,1.64638,0.0,1.64638,3.0,3.0,1.64638
2009-08-01,1.6861,1.7043,1.6154,1.6286,312738.0,7469.999999999998,58.786329329223,-46.27160954387977,1.6861,0.0,1.6861,3.0,3.0,1.6861
2009-09-01,1.6284,1.6741,1.577,1.6006,562270.0,8889.999999999996,41.86586345381527,-16.92046587540773,1.6284,3.0,1.6284,2.0,2.0,1.6284
2009-10-01,1.6005,1.6692,1.5708,1.64488,367186.0,9709.999999999996,63.24746906636673,21.38160561255146,1.6005,3.0,1.6005,4.0,4.0,1.6005
2009-11-01,1.63928,1.68752,1.62617,1.64468,1255196.0,9840.000000000004,37.8152420185376,-25.43222704782913,1.63928,3.0,1.63928,1.0,1.0,1.63928
2009-12-01,1.64473,1.67206,1.58294,1.61443,1107264.0,6135.000000000001,127.56056910569102,89.74532708715341,1.64473,3.0,1.64473,3.0,3.0,1.64473
2010-01-01,1.6121,1.64561,1.58961,1.59827,1135624.0,8912.000000000007,180.48312958435204,52.922560478661026,1.6121,3.0,1.6121,2.0,2.0,1.6121
2010-02-01,1.59464,1.60681,1.51518,1.52351,1133745.0,5600.000000000005,127.42639138240564,-53.0567382019464,1.59464,3.0,1.59464,4.0,4.0,1.59464
2010-03-01,1.51539,1.53816,1.47838,1.51769,1187049.0,9163.00000000001,202.45446428571412,75.02807290330848,1.51539,0.0,1.51539,4.0,4.0,1.51539
2010-04-01,1.51771,1.55218,1.51251,1.52708,1102847.0,5977.999999999994,129.5480737749644,-72.90639051074973,1.51771,0.0,1.51771,4.0,4.0,1.51771
2010-05-01,1.5312,1.53145,1.42323,1.45361,1461221.0,3966.999999999987,184.4842756774843,54.93620190251991,1.5312,3.0,1.5312,3.0,3.0,1.5312
2010-06-01,1.45356,1.5128,1.43456,1.49393,1402901.0,10821.999999999998,368.3440887320406,183.85981305455627,1.45356,3.0,1.45356,2.0,2.0,1.45356
2010-07-01,1.49395,1.572,1.4873,1.56878,1045502.0,7823.999999999985,129.6341711328775,-238.70991759916308,1.49395,0.0,1.49395,2.0,2.0,1.49395
2010-08-01,1.5725,1.5997,1.53264,1.5349,918082.0,8469.999999999998,133.62755623721907,3.99338510434157,1.5725,3.0,1.5725,3.0,3.0,1.5725
2010-09-01,1.53487,1.59214,1.52964,1.57104,862612.0,6705.999999999989,108.39220779220781,-25.235348445011255,1.53487,3.0,1.53487,1.0,1.0,1.53487
2010-10-01,1.57106,1.61054,1.56494,1.60384,1122910.0,6249.999999999999,128.6328660900688,20.24065829786099,1.57106,3.0,1.57106,2.0,2.0,1.57106
2010-11-01,1.60438,1.6298,1.54842,1.55568,1826940.0,4560.000000000008,179.6656,51.03273390993121,1.60438,3.0,1.60438,3.0,3.0,1.60438
2010-12-01,1.5557,1.59096,1.53446,1.56092,1853631.0,8138.0,400.6447368421045,220.9791368421045,1.5557,3.0,1.5557,2.0,2.0,1.5557
2011-01-01,1.55431,1.60577,1.54057,1.6011,1935125.0,5649.999999999999,227.7747603833866,-172.86997645871793,1.55431,3.0,1.55431,4.0,4.0,1.55431
2011-02-01,1.60112,1.62767,1.59626,1.62644,1540452.0,6519.999999999992,342.50000000000006,114.72523961661346,1.60112,3.0,1.60112,3.0,3.0,1.60112
2011-03-01,1.62644,1.64001,1.59357,1.60388,1883257.0,3140.9999999999936,236.26564417177943,-106.23435582822063,1.62644,0.0,1.62644,3.0,3.0,1.62644
2011-04-01,1.60387,1.67449,1.59717,1.6703,1510421.0,4644.000000000004,599.5724291626883,363.3067849909089,1.60387,3.0,1.60387,1.0,1.0,1.60387
2011-05-01,1.6707,1.67371,1.60335,1.645,1412152.0,7732.000000000005,325.2413867355725,-274.3310424271158,1.6707,0.0,1.6707,1.0,1.0,1.6707
2011-06-01,1.64501,1.64949,1.59116,1.60403,1675919.0,7035.999999999997,182.6373512674598,-142.60403546811273,1.64501,0.0,1.64501,1.0,1.0,1.64501
2011-07-01,1.60404,1.64695,1.57807,1.64192,1815729.0,5832.999999999999,238.1920125071064,55.554661239646606,1.60404,3.0,1.60404,4.0,4.0,1.60404
2011-08-01,1.63904,1.66174,1.61101,1.62477,2193796.0,6887.999999999983,311.28561632093266,73.09360381382626,1.63904,3.0,1.63904,2.0,2.0,1.63904
2011-09-01,1.62477,1.62548,1.53271,1.55793,2265429.0,5072.999999999994,318.4953542392575,7.209737918324834,1.62477,3.0,1.62477,1.0,1.0,1.62477
2011-10-01,1.55717,1.61641,1.52721,1.60778,2273248.0,9277.000000000002,446.56593731519865,128.07058307594116,1.55717,3.0,1.55717,4.0,4.0,1.55717
2011-11-01,1.60778,1.61291,1.54228,1.56948,2183707.0,8919.999999999995,245.04128489813513,-201.52465241706352,1.60778,3.0,1.60778,2.0,2.0,1.60778
2011-12-01,1.56948,1.57731,1.53616,1.55366,1679279.0,7062.999999999996,244.81020179372211,-0.23108310441301683,1.56948,3.0,1.56948,1.0,1.0,1.56948
2012-01-01,1.54937,1.57952,1.52358,1.57645,1749763.0,4115.000000000002,237.75718533201203,-7.053016461710087,1.54937,3.0,1.54937,4.0,4.0,1.54937
2012-02-01,1.57644,1.59908,1.56445,1.59198,1679112.0,5594.00000000001,425.2157958687726,187.45861053676057,1.57644,3.0,1.57644,1.0,1.0,1.57644
2012-03-01,1.59199,1.60357,1.56024,1.60061,1434810.0,3463.000000000016,300.1630318198064,-125.0527640489662,1.59199,3.0,1.59199,3.0,3.0,1.59199
2012-04-01,1.60062,1.63006,1.58042,1.62357,1377082.0,4332.999999999986,414.32572913658487,114.16269731677846,1.60062,0.0,1.60062,3.0,3.0,1.60062
2012-05-01,1.62357,1.62464,1.53597,1.54027,1643976.0,4964.000000000013,317.81260096930635,-96.51312816727852,1.62357,0.0,1.62357,3.0,3.0,1.62357
2012-06-01,1.54026,1.57764,1.52677,1.5704,1827421.0,8867.000000000002,331.1796937953255,13.367092826019132,1.54026,3.0,1.54026,2.0,2.0,1.54026
2012-07-01,1.56956,1.57668,1.53927,1.5673,1524434.0,5086.999999999996,206.0923649486861,-125.08732884663937,1.56956,0.0,1.56956,2.0,2.0,1.56956
2012-08-01,1.5673,1.59113,1.54898,1.58636,1413759.0,3741.0000000000164,299.67249852565385,93.58013357696774,1.5673,3.0,1.5673,1.0,1.0,1.5673
2012-09-01,1.58808,1.63086,1.58258,1.61638,1337835.0,4214.999999999991,377.90938251804164,78.23688399238779,1.58808,0.0,1.58808,1.0,1.0,1.58808
2012-10-01,1.61544,1.62161,1.59126,1.61314,1333364.0,4827.999999999987,317.3985765124562,-60.51080600558544,1.61544,3.0,1.61544,3.0,3.0,1.61544
2012-11-01,1.61311,1.61743,1.58274,1.60107,1173497.0,3035.0000000000095,276.173156586579,-41.22541992587719,1.61311,3.0,1.61311,1.0,1.0,1.61311
2012-12-01,1.60221,1.63061,1.60016,1.62409,994990.0,3468.9999999999886,386.65469522240403,110.48153863582502,1.60221,3.0,1.60221,4.0,4.0,1.60221
2013-01-01,1.62426,1.63806,1.56742,1.58587,1199737.0,3044.9999999999864,286.82329201499084,-99.83140320741319,1.62426,3.0,1.62426,1.0,1.0,1.62426
2013-02-01,1.58588,1.58782,1.50803,1.51669,918766.0,7064.000000000003,394.0022988505765,107.17900683558565,1.58588,3.0,1.58588,2.0,2.0,1.58588
2013-03-01,1.51672,1.52599,1.48287,1.51958,871270.0,7979.000000000002,130.06313703284252,-263.939161817734,1.51672,3.0,1.51672,4.0,4.0,1.51672
2013-04-01,1.5197,1.55673,1.50332,1.55351,975856.0,4312.000000000005,109.19538789321967,-20.867749139622845,1.5197,0.0,1.5197,4.0,4.0,1.5197
2013-05-01,1.55353,1.56051,1.50081,1.51938,1125840.0,5340.999999999995,226.31168831168807,117.1163004184684,1.55353,3.0,1.55353,3.0,3.0,1.55353
2013-06-01,1.51975,1.5751,1.51654,1.52112,1200942.0,5970.000000000008,210.79198651937858,-15.51970179230949,1.51975,3.0,1.51975,1.0,1.0,1.51975
2013-07-01,1.52068,1.54351,1.48133,1.51975,1231876.0,5855.999999999994,201.1628140703515,-9.629172449027095,1.52068,3.0,1.52068,4.0,4.0,1.52068
2013-08-01,1.52037,1.5717,1.51024,1.54912,1013903.0,6217.99999999999,210.36133879781443,9.198524727462939,1.52037,3.0,1.52037,1.0,1.0,1.52037
2013-09-01,1.5518,1.62024,1.55054,1.61837,771037.0,6146.000000000006,163.05934384046344,-47.301994957350985,1.5518,3.0,1.5518,3.0,3.0,1.5518
2013-10-01,1.61838,1.62599,1.58938,1.60427,826141.0,6969.999999999986,125.4534656687275,-37.60587817173594,1.61838,0.0,1.61838,3.0,3.0,1.61838
2013-11-01,1.60429,1.63841,1.58539,1.63611,790509.0,3661.0000000000027,118.52812051649951,-6.92534515222799,1.60429,3.0,1.60429,1.0,1.0,1.60429
2013-12-01,1.63739,1.65778,1.62175,1.65649,753795.0,5301.999999999984,215.92706910680127,97.39894859030176,1.63739,0.0,1.63739,1.0,1.0,1.63739
2014-01-01,1.65623,1.6668,1.6309,1.64343,854987.0,3603.0000000000005,142.17182195398007,-73.7552471528212,1.65623,3.0,1.65623,3.0,3.0,1.65623
2014-02-01,1.64296,1.68223,1.62519,1.67398,799202.0,3590.000000000004,237.2986400222037,95.12681806822363,1.64296,3.0,1.64296,1.0,1.0,1.64296
2014-03-01,1.67414,1.67855,1.64652,1.6663,1312565.0,5703.999999999997,222.61894150417803,-14.679698518025674,1.67414,0.0,1.67414,1.0,1.0,1.67414
2014-04-01,1.66629,1.69006,1.65536,1.68741,997076.0,3203.0,230.1130785413746,7.494137037196566,1.66629,0.0,1.66629,1.0,1.0,1.66629
2014-05-01,1.68739,1.69961,1.66925,1.67505,845039.0,3469.999999999995,311.2944114892288,81.18133294785423,1.68739,0.0,1.68739,1.0,1.0,1.68739
2014-06-01,1.67599,1.71136,1.66988,1.71085,888962.0,3036.0000000000164,243.52708933717614,-67.76732215205269,1.67599,0.0,1.67599,1.0,1.0,1.67599
2014-07-01,1.71477,1.71898,1.68562,1.68831,1004040.0,4147.999999999995,292.80698287219866,49.279893535022524,1.71477,0.0,1.71477,1.0,1.0,1.71477
2014-08-01,1.6883,1.68923,1.65366,1.65971,1085048.0,3336.0000000000055,242.0540019286406,-50.75298094355807,1.6883,0.0,1.6883,1.0,1.0,1.6883
2014-09-01,1.65895,1.66435,1.6052,1.62149,1773425.0,3557.00000000001,325.2541966426853,83.20019471404473,1.65895,3.0,1.65895,4.0,4.0,1.65895
2014-10-01,1.62149,1.62521,1.5875,1.5993,1849938.0,5915.000000000003,498.57323587292524,173.31903923023992,1.62149,0.0,1.62149,4.0,4.0,1.62149
2014-11-01,1.59725,1.60212,1.55897,1.56389,1698603.0,3771.0000000000127,312.7536770921385,-185.81955878078674,1.59725,0.0,1.59725,4.0,4.0,1.59725
2014-12-01,1.56405,1.57852,1.54854,1.55801,1804708.0,4315.000000000002,450.438345266506,137.68466817436752,1.56405,0.0,1.56405,4.0,4.0,1.56405
2015-01-01,1.5544,1.55467,1.49503,1.50619,1722605.0,2997.9999999999895,418.2405561993046,-32.19778906720143,1.5544,0.0,1.5544,4.0,4.0,1.5544
2015-02-01,1.50933,1.55516,1.49883,1.54365,1465110.0,5963.999999999991,574.5847231487678,156.34416694946322,1.50933,0.0,1.50933,4.0,4.0,1.50933
2015-03-01,1.54151,1.54281,1.46347,1.48164,1824771.0,5632.999999999999,245.6589537223344,-328.9257694264334,1.54151,3.0,1.54151,2.0,2.0,1.54151
2015-04-01,1.48174,1.54977,1.4565,1.53524,1936081.0,7933.999999999996,323.94301437954914,78.28406065721475,1.48174,0.0,1.48174,2.0,2.0,1.48174
2015-05-01,1.53489,1.58139,1.50897,1.52842,1831361.0,9327.000000000018,244.0233173682885,-79.91969701126064,1.53489,0.0,1.53489,2.0,2.0,1.53489
2015-06-01,1.52923,1.59292,1.51695,1.57065,3123662.0,7242.000000000015,196.3504878310278,-47.6728295372607,1.52923,3.0,1.52923,1.0,1.0,1.52923
2015-07-01,1.57036,1.57322,1.53297,1.56201,3353460.0,7596.999999999986,431.3258768296042,234.97538899857642,1.57036,0.0,1.57036,1.0,1.0,1.57036
2015-08-01,1.56289,1.58186,1.53348,1.53415,3145501.0,4025.0000000000114,441.4189811767811,10.093104347176848,1.56289,0.0,1.56289,1.0,1.0,1.56289
2015-09-01,1.53384,1.56579,1.51068,1.5126,2753869.0,4838.000000000008,781.4909316770164,340.07195050023535,1.53384,3.0,1.53384,4.0,4.0,1.53384
2015-10-01,1.5126,1.55088,1.51064,1.54275,2656926.0,5510.999999999999,569.2164117403876,-212.27451993662885,1.5126,0.0,1.5126,4.0,4.0,1.5126
2015-11-01,1.54449,1.54971,1.49932,1.50556,2528675.0,4024.000000000005,482.11322808927605,-87.10318365111152,1.54449,3.0,1.54449,1.0,1.0,1.54449
2015-12-01,1.50534,1.52391,1.47313,1.47317,2646062.0,5038.999999999993,628.3983598409535,146.28513175167745,1.50534,3.0,1.50534,2.0,2.0,1.50534
2016-01-01,1.47306,1.48152,1.4079,1.42422,2944733.0,5078.000000000005,525.1164913673356,-103.28186847361792,1.47306,3.0,1.47306,4.0,4.0,1.47306
2016-02-01,1.42384,1.46679,1.38351,1.39122,3673556.0,7362.000000000001,579.900157542339,54.78366617500342,1.42384,0.0,1.42384,4.0,4.0,1.42384
2016-03-01,1.39123,1.45139,1.39037,1.43613,3178716.0,8328.000000000002,498.98886172235797,-80.91129581998104,1.39123,0.0,1.39123,4.0,4.0,1.39123
2016-04-01,1.43584,1.46706,1.40047,1.46102,3113852.0,6101.9999999999845,381.69020172910655,-117.29865999325142,1.43584,3.0,1.43584,1.0,1.0,1.43584
2016-05-01,1.45863,1.47691,1.43318,1.44792,3098985.0,6658.999999999992,510.3002294329741,128.61002770386756,1.45863,3.0,1.45863,3.0,3.0,1.45863
2016-06-01,1.44756,1.50171,1.31197,1.33091,3635811.0,4373.000000000005,465.38294038143925,-44.91728905153485,1.44756,3.0,1.44756,1.0,1.0,1.44756
2016-07-01,1.33017,1.34801,1.2795,1.32224,3004656.0,18974.0,831.4225931854553,366.03965280401604,1.33017,3.0,1.33017,4.0,4.0,1.33017
2016-08-01,1.3219,1.33712,1.2865,1.31369,2487628.0,6850.9999999999845,158.35648782544536,-673.0661053600099,1.3219,0.0,1.3219,4.0,4.0,1.3219
2016-09-01,1.31398,1.34445,1.29145,1.29735,2692633.0,5062.000000000011,363.1043643263765,204.74787650093117,1.31398,0.0,1.31398,4.0,4.0,1.31398
2016-10-01,1.29171,1.29459,1.14754,1.22381,2896933.0,5299.999999999993,531.9306598182525,168.82629549187595,1.29171,0.0,1.29171,4.0,4.0,1.29171
2016-11-01,1.22383,1.2673,1.22052,1.25041,3419802.0,14704.999999999989,546.5911320754725,14.660472257220022,1.22383,0.0,1.22383,4.0,4.0,1.22383
2016-12-01,1.25031,1.27742,1.19594,1.23245,2399839.0,4678.000000000004,232.56048962937794,-314.0306424460946,1.25031,3.0,1.25031,2.0,2.0,1.25031
2017-01-01,1.2326,1.26731,1.19864,1.25753,3252720.0,8147.999999999999,513.0053441641724,280.44485453479444,1.2326,3.0,1.2326,1.0,1.0,1.2326
2017-02-01,1.25778,1.27057,1.23463,1.23805,2635911.0,6867.0,399.2047128129603,-113.80063135121208,1.25778,0.0,1.25778,1.0,1.0,1.25778
2017-03-01,1.23745,1.26148,1.21087,1.25342,2873780.0,3594.000000000008,383.8519003931848,-15.35281241977549,1.23745,0.0,1.23745,1.0,1.0,1.23745
2017-04-01,1.2542,1.29655,1.23581,1.29454,3123259.0,5061.000000000004,799.6048970506381,415.7529966574533,1.2542,3.0,1.2542,2.0,2.0,1.2542
2017-05-01,1.29334,1.30479,1.27692,1.28909,5836806.0,6074.000000000001,617.1229006125267,-182.48199643811142,1.29334,3.0,1.29334,3.0,3.0,1.29334
2017-06-01,1.28888,1.30301,1.2589,1.30277,7288190.0,2786.9999999999836,960.9492920645372,343.8263914520105,1.28888,3.0,1.28888,1.0,1.0,1.28888
2017-07-01,1.2999,1.32249,1.28117,1.32113,6531465.0,4411.000000000009,2615.066379619678,1654.117087555141,1.2999,0.0,1.2999,1.0,1.0,1.2999
2017-08-01,1.32151,1.32686,1.27739,1.2932,6775281.0,4132.000000000002,1480.7220584901352,-1134.344321129543,1.32151,3.0,1.32151,3.0,3.0,1.32151
2017-09-01,1.29289,1.36571,1.29054,1.33965,8129751.0,4946.99999999999,1639.7098257502412,158.987767260106,1.29289,3.0,1.29289,2.0,2.0,1.29289
2017-10-01,1.33637,1.34026,1.30271,1.32827,6703916.0,7516.999999999995,1643.3699211643454,3.660095414104262,1.33637,3.0,1.33637,1.0,1.0,1.33637
2017-11-01,1.32822,1.35488,1.30392,1.35281,5071576.0,3754.999999999997,891.8339763203411,-751.5359448440043,1.32822,0.0,1.32822,1.0,1.0,1.32822
2017-12-01,1.35229,1.35495,1.33013,1.35038,2872207.0,5096.000000000011,1350.6194407456735,458.7854644253324,1.35229,0.0,1.35229,1.0,1.0,1.35229
2018-01-01,1.35059,1.43454,1.3458,1.41932,5177357.0,2482.0000000000064,563.6198979591825,-786.999542786491,1.35059,0.0,1.35059,1.0,1.0,1.35059
2018-02-01,1.4187,1.42783,1.37568,1.37593,5575752.0,8873.999999999982,2085.9617244157885,1522.341826456606,1.4187,3.0,1.4187,3.0,3.0,1.4187
2018-03-01,1.37585,1.42448,1.37117,1.40257,5179060.0,5214.999999999992,628.324543610549,-1457.6371808052395,1.37585,3.0,1.37585,1.0,1.0,1.37585
2018-04-01,1.40198,1.43766,1.37125,1.37647,4364212.0,5330.999999999996,993.108341323108,364.783797712559,1.40198,3.0,1.40198,2.0,2.0,1.40198
2018-05-01,1.37552,1.37726,1.32043,1.3293,5450302.0,6640.999999999985,818.6479084599517,-174.46043286315626,1.37552,0.0,1.37552,2.0,2.0,1.37552
2018-06-01,1.32948,1.34723,1.30496,1.32057,5002071.0,5682.999999999993,820.7050143050764,2.0571058451246245,1.32948,3.0,1.32948,4.0,4.0,1.32948
2018-07-01,1.31875,1.33627,1.29574,1.31233,3692086.0,4227.000000000003,880.181418265002,59.47640395992562,1.31875,0.0,1.31875,4.0,4.0,1.31875
2018-08-01,1.31184,1.31443,1.26617,1.29567,3151717.0,4053.0000000000173,873.4530399810735,-6.728378283928464,1.31184,0.0,1.31184,4.0,4.0,1.31184
2018-09-01,1.2911,1.32984,1.27853,1.30282,2066810.0,4825.999999999996,777.6257093510947,-95.82733062997886,1.2911,0.0,1.2911,4.0,4.0,1.2911
2018-10-01,1.3038,1.32579,1.2694,1.27654,3048723.0,5130.999999999996,428.26564442602603,-349.3600649250686,1.3038,3.0,1.3038,2.0,2.0,1.3038
2018-11-01,1.27651,1.31747,1.27232,1.27537,2911582.0,5638.999999999994,594.1771584486459,165.91151402261983,1.27651,0.0,1.27651,2.0,2.0,1.27651
2018-12-01,1.27645,1.28397,1.2477,1.27395,2789520.0,4515.000000000002,516.329491044512,-77.84766740413386,1.27645,3.0,1.27645,4.0,4.0,1.27645
2019-01-01,1.27469,1.32179,1.23964,1.31107,2690644.0,3627.0000000000023,617.8338870431891,101.50439599867707,1.27469,0.0,1.27469,4.0,4.0,1.27469
2019-02-01,1.31051,1.33501,1.2773,1.32616,1975689.0,8214.999999999995,741.8373311276532,124.00344408446415,1.31051,3.0,1.31051,3.0,3.0,1.31051
2019-03-01,1.32619,1.33813,1.29604,1.30294,1963907.0,5770.999999999993,240.4977480219113,-501.3395831057419,1.32619,0.0,1.32619,3.0,3.0,1.32619
2019-04-01,1.30379,1.31962,1.28658,1.30357,1647853.0,4208.999999999995,340.30618610292885,99.80843808101756,1.30379,3.0,1.30379,2.0,2.0,1.30379
2019-05-01,1.30282,1.31768,1.2559,1.26302,1605419.0,3303.9999999999955,391.50700879068705,51.200822687758205,1.30282,3.0,1.30282,4.0,4.0,1.30282
2019-06-01,1.26267,1.27838,1.25061,1.26958,1655531.0,6177.9999999999945,485.90163438256724,94.39462559188019,1.26267,0.0,1.26267,4.0,4.0,1.26267
2019-07-01,1.26948,1.27057,1.21183,1.2161,1494891.0,2777.000000000007,267.97199741016533,-217.9296369724019,1.26948,3.0,1.26948,2.0,2.0,1.26948
2019-08-01,1.21526,1.23099,1.20146,1.21622,1955706.0,5874.000000000001,538.3114872164193,270.339489806254,1.21526,0.0,1.21526,2.0,2.0,1.21526
2019-09-01,1.21556,1.25822,1.19585,1.22965,1484393.0,2953.0000000000055,332.9427987742594,-205.3686884421599,1.21556,3.0,1.21556,4.0,4.0,1.21556
2019-10-01,1.22904,1.30127,1.21952,1.29419,1899056.0,6236.999999999981,502.6728750423289,169.73007626806947,1.22904,3.0,1.22904,3.0,3.0,1.22904
2019-11-01,1.29401,1.29854,1.27688,1.2932,1238008.0,8174.999999999998,304.4822831489507,-198.19059189337815,1.29401,0.0,1.29401,3.0,3.0,1.29401
2019-12-01,1.29094,1.35147,1.28964,1.3252,1401707.0,2166.000000000001,151.43828746177374,-153.043995687177,1.29094,0.0,1.29094,3.0,3.0,1.29094
2020-01-01,1.32506,1.32663,1.29543,1.32054,1413445.0,6183.000000000005,647.1408125577098,495.70252509593604,1.32506,3.0,1.32506,1.0,1.0,1.32506
2020-02-01,1.31759,1.31837,1.27257,1.28148,1343662.0,3119.999999999989,228.60181141840513,-418.5390011393046,1.31759,0.0,1.31759,1.0,1.0,1.31759
2020-03-01,1.27726,1.32004,1.14097,1.2413,3398260.0,4580.000000000006,430.66089743589896,202.05908601749383,1.27726,3.0,1.27726,4.0,4.0,1.27726
2020-04-01,1.24141,1.26476,1.21643,1.25931,1819315.0,17907.000000000004,741.9781659388636,311.3172685029647,1.24141,0.0,1.24141,4.0,4.0,1.24141
2020-05-01,1.25899,1.26004,1.20752,1.23463,1661004.0,4833.00000000002,101.59797844418382,-640.3801874946798,1.25899,3.0,1.25899,2.0,2.0,1.25899
2020-06-01,1.23237,1.2813,1.22517,1.24006,2234427.0,5252.000000000012,343.6797020484157,242.0817236042319,1.23237,0.0,1.23237,2.0,2.0,1.23237
2020-07-01,1.24009,1.31704,1.23593,1.30842,2003196.0,5613.000000000001,425.4430693069297,81.763367258514,1.24009,0.0,1.24009,2.0,2.0,1.24009
2020-08-01,1.30769,1.33957,1.29813,1.33661,2103536.0,8111.000000000001,356.8850881881346,-68.55798111879511,1.30769,3.0,1.30769,3.0,3.0,1.30769
2020-09-01,1.33691,1.34823,1.26753,1.29044,2301811.0,4143.999999999992,259.3436074466773,-97.54148074145729,1.33691,0.0,1.33691,3.0,3.0,1.33691
2020-10-01,1.29156,1.31771,1.28196,1.29481,1988026.0,8069.999999999999,555.4563223938235,296.1127149471462,1.29156,3.0,1.29156,2.0,2.0,1.29156
2020-11-01,1.29245,1.3398,1.28542,1.33224,1925958.0,3574.9999999999945,246.34770755886,-309.1086148349635,1.29245,3.0,1.29245,4.0,4.0,1.29245
2020-12-01,1.3322,1.36864,1.31346,1.36589,1937950.0,5438.000000000009,538.7295104895113,292.3818029306513,1.3322,3.0,1.3322,3.0,3.0,1.3322
2021-01-01,1.3643,1.3759,1.34508,1.36993,1867045.0,5518.0,356.37182787789567,-182.35768261161564,1.3643,0.0,1.3643,3.0,3.0,1.3643
2021-02-01,1.37038,1.42363,1.35648,1.3927,1698984.0,3081.9999999999845,338.35538238492205,-18.016445492973617,1.37038,0.0,1.37038,3.0,3.0,1.37038
2021-03-01,1.39248,1.40177,1.36703,1.3783,2262385.0,6715.000000000004,551.2602206359535,212.90483825103144,1.39248,0.0,1.39248,3.0,3.0,1.39248
2021-04-01,1.37768,1.40093,1.36688,1.381,1355720.0,3473.999999999999,336.9151154132537,-214.34510522269977,1.37768,3.0,1.37768,1.0,1.0,1.37768
2021-05-01,1.38106,1.42338,1.38012,1.42062,1137335.0,3404.999999999991,390.2475532527347,53.332437839480974,1.38106,3.0,1.38106,2.0,2.0,1.38106
2021-06-01,1.42053,1.42486,1.37865,1.38324,1305968.0,4326.000000000007,334.01908957415657,-56.22846367857812,1.42053,3.0,1.42053,3.0,3.0,1.42053
2021-07-01,1.38226,1.39832,1.3572,1.39009,1324101.0,4621.000000000008,301.88811835413725,-32.13097122001932,1.38226,3.0,1.38226,1.0,1.0,1.38226
2021-08-01,1.38936,1.39578,1.3602,1.37547,830693.0,4112.000000000005,286.5399264228517,-15.348191931285555,1.38936,3.0,1.38936,2.0,2.0,1.38936
2021-09-01,1.37488,1.39134,1.3412,1.34747,1062430.0,3557.999999999994,202.0167801556418,-84.52314626720988,1.37488,0.0,1.37488,2.0,2.0,1.37488
2021-10-01,1.34681,1.38343,1.34337,1.36938,1153548.0,5014.000000000007,298.60314783586335,96.58636768022154,1.34681,3.0,1.34681,4.0,4.0,1.34681
2021-11-01,1.36748,1.36985,1.31948,1.33016,1268020.0,4005.999999999998,230.06541683286764,-68.53773100299571,1.36748,3.0,1.36748,2.0,2.0,1.36748
2021-12-01,1.32959,1.35504,1.3161,1.35417,1111566.0,5037.000000000002,316.5302046929607,86.46478786009305,1.32959,0.0,1.32959,2.0,2.0,1.32959
2022-01-01,1.35306,1.37489,1.33579,1.34448,1161285.0,3893.9999999999973,220.68016676593203,-95.85003792702867,1.35306,0.0,1.35306,2.0,2.0,1.35306
2022-02-01,1.34433,1.36437,1.32729,1.34196,1345183.0,3909.999999999991,298.2241910631743,77.54402429724229,1.34433,3.0,1.34433,1.0,1.0,1.34433
2022-03-01,1.34166,1.34375,1.29993,1.3143,1691997.0,3708.0,344.0365728900264,45.81238182685206,1.34166,3.0,1.34166,4.0,4.0,1.34166
2022-04-01,1.31318,1.31667,1.24115,1.25708,1450971.0,4381.999999999996,456.3098705501618,112.27329766013543,1.31318,0.0,1.31318,4.0,4.0,1.31318
2022-05-01,1.25787,1.26666,1.21554,1.2602,1852432.0,7552.000000000003,331.1207211319035,-125.1891494182583,1.25787,0.0,1.25787,4.0,4.0,1.25787
2022-06-01,1.26029,1.26166,1.19339,1.21787,2289623.0,5111.999999999983,245.29025423728805,-85.83046689461545,1.26029,0.0,1.26029,4.0,4.0,1.26029
2022-07-01,1.21742,1.22455,1.176,1.21803,2147386.0,6827.000000000005,447.89182316119087,202.60156892390282,1.21742,3.0,1.21742,2.0,2.0,1.21742
2022-08-01,1.2163,1.22932,1.15993,1.16226,1934817.0,4855.000000000009,314.543137542112,-133.34868561907888,1.2163,3.0,1.2163,4.0,4.0,1.2163
2022-09-01,1.16213,1.17382,1.03644,1.11614,2401806.0,6939.0000000000055,398.52049433573563,83.97735679362364,1.16213,0.0,1.16213,4.0,4.0,1.16213
2022-10-01,1.11599,1.1645,1.09237,1.14657,2657860.0,13738.000000000005,346.1314310419366,-52.38906329379904,1.11599,0.0,1.11599,4.0,4.0,1.11599
2022-11-01,1.14788,1.21534,1.11467,1.20568,2665659.0,7213.000000000002,193.46775367593528,-152.6636773660013,1.14788,3.0,1.14788,2.0,2.0,1.14788
2022-12-01,1.20502,1.24463,1.19924,1.20808,2275308.0,10067.000000000004,369.5631498682933,176.095396192358,1.20502,3.0,1.20502,3.0,3.0,1.20502
2023-01-01,1.20723,1.24479,1.18411,1.23182,2082167.0,4538.999999999982,226.0164895202145,-143.5466603480788,1.20723,0.0,1.20723,3.0,3.0,1.20723
2023-02-01,1.23194,1.24021,1.19149,1.20226,1810958.0,6068.000000000006,458.72813395021115,232.71164442999665,1.23194,0.0,1.23194,3.0,3.0,1.23194
2023-03-01,1.20203,1.24233,1.18025,1.2329,2098198.0,4872.000000000009,298.4439683586022,-160.28416559160894,1.20203,3.0,1.20203,2.0,2.0,1.20203
2023-04-01,1.23275,1.25842,1.22744,1.25662,1255912.0,6207.999999999991,430.6646141215099,132.22064576290768,1.23275,3.0,1.23275,1.0,1.0,1.23275
2023-05-01,1.2555,1.268,1.23081,1.24409,1362847.0,3098.0000000000005,202.3054123711343,-228.35920175037558,1.2555,3.0,1.2555,3.0,3.0,1.2555
2023-06-01,1.24395,1.28482,1.23684,1.26979,1327057.0,3719.0000000000055,439.91187863137503,237.60646626024072,1.24395,3.0,1.24395,1.0,1.0,1.24395
2023-07-01,1.26899,1.31421,1.26585,1.28347,1318049.0,4798.000000000013,356.83167518149986,-83.08020344987517,1.26899,0.0,1.26899,1.0,1.0,1.26899
2023-08-01,1.28346,1.28415,1.25479,1.26725,1431176.0,4836.000000000017,274.7080033347221,-82.12367184677777,1.28346,3.0,1.28346,3.0,3.0,1.28346
2023-09-01,1.2673,1.27129,1.21103,1.22029,1135648.0,2935.9999999999827,295.94210090984177,21.234097575119677,1.2673,3.0,1.2673,2.0,2.0,1.2673
2023-10-01,1.21791,1.23374,1.20373,1.21472,1299283.0,6025.999999999997,386.8010899182584,90.85898900841664,1.21791,3.0,1.21791,4.0,4.0,1.21791
2023-11-01,1.21537,1.27334,1.20959,1.26234,1253281.0,3001.000000000009,215.6128443411883,-171.18824557707012,1.21537,0.0,1.21537,4.0,4.0,1.21537
2023-12-01,1.26211,1.28277,1.25002,1.27306,1271354.0,6374.999999999996,417.621126291235,202.0082819500467,1.26211,3.0,1.26211,1.0,1.0,1.26211
2024-01-01,1.27205,1.27858,1.25966,1.26863,1554802.0,3275.0000000000055,199.42807843137265,-218.19304785986233,1.27205,3.0,1.27205,3.0,3.0,1.27205
2024-02-01,1.2663,1.27723,1.25185,1.26243,1337340.0,1892.0000000000045,474.7487022900755,275.3206238587029,1.2663,3.0,1.2663,1.0,1.0,1.2663
2024-03-01,1.26127,1.28939,1.25753,1.26217,1563376.0,2538.0000000000177,706.8393234672287,232.0906211771532,1.26127,3.0,1.26127,4.0,4.0,1.26127
2024-04-01,1.25715,1.27095,1.22997,1.24912,1880929.0,3185.9999999999995,615.9873916469618,-90.85193182026694,1.25715,0.0,1.25715,4.0,4.0,1.25715
2024-05-01,1.24917,1.28008,1.24459,1.27426,1697331.0,4098.000000000001,590.3731952291275,-25.61419641783425,1.24917,0.0,1.24917,4.0,4.0,1.24917
2024-06-01,1.27314,1.28606,1.2613,1.26438,1606258.0,3549.000000000002,414.1852122986822,-176.18798293044534,1.27314,3.0,1.27314,1.0,1.0,1.27314
2024-07-01,1.26476,1.30446,1.26157,1.28554,1822265.0,2475.999999999989,452.59453367145653,38.40932137277434,1.26476,0.0,1.26476,1.0,1.0,1.26476
2024-08-01,1.28541,1.32665,1.26651,1.31297,2198905.0,4288.999999999987,735.9713247172892,283.3767910458327,1.28541,0.0,1.28541,1.0,1.0,1.28541
2024-09-01,1.31286,1.34343,1.3002,1.33761,1990490.0,6014.000000000008,512.6847750058304,-223.28654971145886,1.31286,3.0,1.31286,3.0,3.0,1.31286
2024-10-01,1.33742,1.33894,1.28438,1.28992,1960326.0,4322.999999999987,330.97605586963704,-181.70871913619334,1.33742,0.0,1.33742,3.0,3.0,1.33742
2024-11-01,1.28985,1.3048,1.24872,1.27328,2427263.0,5455.999999999994,453.4642609299111,122.48820506027408,1.28985,3.0,1.28985,2.0,2.0,1.28985
2024-12-01,1.27189,1.28111,1.24753,1.25119,2001716.0,5607.99999999999,444.87958211143746,-8.584678818473662,1.27189,3.0,1.27189,4.0,4.0,1.27189
2025-01-01,1.25125,1.25759,1.20995,1.23879,2266323.0,3357.999999999994,356.9393723252503,-87.94020978618715,1.25125,0.0,1.25125,4.0,4.0,1.25125
2025-02-01,1.2282,1.27159,1.22496,1.2577,1669764.0,4763.99999999999,674.9026206075057,317.9632482822554,1.2282,0.0,1.2282,4.0,4.0,1.2282
2025-03-01,1.2581,1.30151,1.25594,1.29164,1787576.0,4662.9999999999945,350.4962216624692,-324.40639894503647,1.2581,3.0,1.2581,1.0,1.0,1.2581
2025-04-01,1.29178,1.34239,1.2708,1.33782,2050425.0,4556.999999999988,383.3532060905001,32.8569844280309,1.29178,3.0,1.29178,3.0,3.0,1.29178
